code,player,bid,ask,won,pre,lag,start,t_end
26JUL29VUKMUS,Lorenzo Musetti,0.96,0.97,True,0.705,109,1785345120,1785347771
26JUL28KWONGEA,Arthur Gea,0.75,0.78,True,0.45999999999999996,60,1785296340,1785299460
26JUL28MAYDUC,Aidan Mayo,0.77,0.79,False,0.3775,104,1785288660,1785290476
26JUL28KOUWIN,Edward Winter,0.62,0.63,True,0.295,111,1785287520,1785289869
26JUL27HERTOM,Bernard Tomic,0.96,0.97,True,0.625,103,1785202020,1785203477
26JUL27HUMMAR,Ugo Humbert,0.92,0.93,True,0.805,113,1785251460,1785253927
26JUL27TIAATM,Frances Tiafoe,0.85,0.86,False,0.755,117,1785194940,1785203763
26JUL27TABGRI,Alejandro Tabilo,0.6,0.61,True,0.405,77,1785165000,1785169303
26JUL27NAKETC,Brandon Nakashima,0.82,0.83,True,0.695,119,1785266880,1785269761
26JUL27MAJPAU,Kamil Majchrzak,0.62,0.64,True,0.215,110,1785251820,1785255670
26JUL27FILJOD,Rafael Jodar,0.62,0.63,True,0.405,97,1785259800,1785264083
26JUL27DETSI,Alex de Minaur,0.71,0.73,True,0.555,63,1785345840,1785348657
26JUL27ARNMUS,Lorenzo Musetti,0.88,0.89,True,0.615,91,1785175080,1785176489
26JUL26KWONWIN,Soonwoo Kwon,0.86,0.87,True,0.815,107,1785114780,1785118573
26JUL25KINMAY,Aidan Mayo,0.94,0.95,True,0.6775,66,1785042660,1785045654
26JUL26WONBLA,Coleman Wong,0.8,0.81,True,0.5475000000000001,68,1785211620,1785213952
26JUL26SHAHIJ,Rinky Hijikata,0.62,0.63,False,0.405,99,1785299040,1785301281
26JUL26MARECH,Andres Martin,0.79,0.8,True,0.5125,68,1785082500,1785085012
26JUL26VANBLO,Luca Van Assche,0.82,0.83,True,0.415,80,1785083400,1785088000
26JUL26GIRILA,Marcos Giron,0.92,0.93,True,0.845,69,1785084240,1785087111
26JUL26DAMSHE,Abdullah Shelbayh,0.58,0.59,False,0.235,114,1785075180,1785077766
26JUL26VUKBOL,Aleksandar Vukic,0.93,0.94,True,0.705,77,1785075300,1785076903
26JUL25MEJHER,Alex Hernandez,0.62,0.63,True,0.2025,61,1785036060,1785039059
26JUL25BOYCLA,Tristan Boyer,0.88,0.9,True,0.81,69,1785039480,1785042651
26JUL25TOBTOM,Miguel Tobon,0.47,0.48,False,0.28500000000000003,64,1785028320,1785031856
26JUL25ALVAWIN,Luis Carlos Alvarez Valdes,0.7,0.71,False,0.445,85,1785028260,1785032135
26JUL25VUKDOU,Aleksandar Vukic,0.91,0.92,True,0.695,109,1784989320,1784991371
26JUL25SVAYME,Trevor Svajda,0.89,0.9,True,0.565,64,1785007140,1785008456
26JUL25OCOMAR,Andres Martin,0.35,0.36,True,0.29500000000000004,61,1785008640,1785010859
26JUL25MCCBOL,Alex Bolt,0.78,0.79,True,0.545,109,1784990460,1784992871
26JUL25LEEECH,Moez Echargui,0.95,0.96,True,0.7375,113,1785001020,1785003667
26JUL25GIRSHA,Marcos Giron,0.94,0.95,True,0.945,73,1785001680,1785005147
26JUL25DAMCOP,Martin Damm Jr,0.98,0.99,True,0.705,104,1784989680,1784991076
26JUL25VANGAS,Luca Van Assche,0.82,0.84,True,0.615,60,1784997780,1785001860
26JUL24FARDAR,Jaime Faria,0.75,0.76,False,0.35,100,1784918220,1784921720
26JUL24RUBVAN,Andrey Rublev,0.88,0.89,False,0.805,117,1784899020,1784902503
26JUL24HANHAL,Quentin Halys,0.76,0.77,True,0.485,92,1784891460,1784892628
26JUL24BURBLO,Alexander Blockx,0.7,0.71,True,0.495,106,1784908800,1784912114
26JUL23ETCBUS,Tomas Martin Etcheverry,0.79,0.8,True,0.49,95,1784809380,1784813125
26JUL23FARBUE,Jaime Faria,0.92,0.93,True,0.835,94,1784813820,1784816426
26JUL22RUBSKA,Andrey Rublev,0.99,1.0,True,0.915,96,1784820360,1784825424
26JUL22MARDAR,Luciano Darderi,0.97,0.98,True,0.755,94,1784828280,1784831426
26JUL29VUKMUS,Lorenzo Musetti,0.96,0.97,True,0.705,109,1785345120,1785347771
26JUL28KWONGEA,Arthur Gea,0.75,0.78,True,0.45999999999999996,60,1785296340,1785299460
26JUL28MAYDUC,Aidan Mayo,0.77,0.79,False,0.3775,104,1785288660,1785290476
26JUL28KOUWIN,Edward Winter,0.62,0.63,True,0.295,111,1785287520,1785289869
26JUL27HERTOM,Bernard Tomic,0.96,0.97,True,0.625,103,1785202020,1785203477
26JUL27HUMMAR,Ugo Humbert,0.92,0.93,True,0.805,113,1785251460,1785253927
26JUL27TIAATM,Frances Tiafoe,0.85,0.86,False,0.755,117,1785194940,1785203763
26JUL27TABGRI,Alejandro Tabilo,0.6,0.61,True,0.405,77,1785165000,1785169303
26JUL27NAKETC,Brandon Nakashima,0.82,0.83,True,0.695,119,1785266880,1785269761
26JUL27MAJPAU,Kamil Majchrzak,0.62,0.64,True,0.215,110,1785251820,1785255670
26JUL27FILJOD,Rafael Jodar,0.62,0.63,True,0.405,97,1785259800,1785264083
26JUL27DETSI,Alex de Minaur,0.71,0.73,True,0.555,63,1785345840,1785348657
26JUL27ARNMUS,Lorenzo Musetti,0.88,0.89,True,0.615,91,1785175080,1785176489
26JUL26KWONWIN,Soonwoo Kwon,0.86,0.87,True,0.815,107,1785114780,1785118573
26JUL25KINMAY,Aidan Mayo,0.94,0.95,True,0.6775,66,1785042660,1785045654
26JUL26WONBLA,Coleman Wong,0.8,0.81,True,0.5475000000000001,68,1785211620,1785213952
26JUL26SHAHIJ,Rinky Hijikata,0.62,0.63,False,0.405,99,1785299040,1785301281
26JUL26MARECH,Andres Martin,0.79,0.8,True,0.5125,68,1785082500,1785085012
26JUL26VANBLO,Luca Van Assche,0.82,0.83,True,0.415,80,1785083400,1785088000
26JUL26GIRILA,Marcos Giron,0.92,0.93,True,0.845,69,1785084240,1785087111
26JUL26DAMSHE,Abdullah Shelbayh,0.58,0.59,False,0.235,114,1785075180,1785077766
26JUL26VUKBOL,Aleksandar Vukic,0.93,0.94,True,0.705,77,1785075300,1785076903
26JUL25MEJHER,Alex Hernandez,0.62,0.63,True,0.2025,61,1785036060,1785039059
26JUL25BOYCLA,Tristan Boyer,0.88,0.9,True,0.81,69,1785039480,1785042651
26JUL25TOBTOM,Miguel Tobon,0.47,0.48,False,0.28500000000000003,64,1785028320,1785031856
26JUL25ALVAWIN,Luis Carlos Alvarez Valdes,0.7,0.71,False,0.445,85,1785028260,1785032135
26JUL25VUKDOU,Aleksandar Vukic,0.91,0.92,True,0.695,109,1784989320,1784991371
26JUL25SVAYME,Trevor Svajda,0.89,0.9,True,0.565,64,1785007140,1785008456
26JUL25OCOMAR,Andres Martin,0.35,0.36,True,0.29500000000000004,61,1785008640,1785010859
26JUL25MCCBOL,Alex Bolt,0.78,0.79,True,0.545,109,1784990460,1784992871
26JUL25LEEECH,Moez Echargui,0.95,0.96,True,0.7375,113,1785001020,1785003667
26JUL25GIRSHA,Marcos Giron,0.94,0.95,True,0.945,73,1785001680,1785005147
26JUL25DAMCOP,Martin Damm Jr,0.98,0.99,True,0.705,104,1784989680,1784991076
26JUL25VANGAS,Luca Van Assche,0.82,0.84,True,0.615,60,1784997780,1785001860
26JUL24FARDAR,Jaime Faria,0.75,0.76,False,0.35,100,1784918220,1784921720
26JUL24RUBVAN,Andrey Rublev,0.88,0.89,False,0.805,117,1784899020,1784902503
26JUL24HANHAL,Quentin Halys,0.76,0.77,True,0.485,92,1784891460,1784892628
26JUL24BURBLO,Alexander Blockx,0.7,0.71,True,0.495,106,1784908800,1784912114
26JUL23ETCBUS,Tomas Martin Etcheverry,0.79,0.8,True,0.49,95,1784809380,1784813125
26JUL23FARBUE,Jaime Faria,0.92,0.93,True,0.835,94,1784813820,1784816426
26JUL22MOLALT,Alex Molcan,0.78,0.79,True,0.575,80,1784729520,1784732440
26JUL22JACBLO,Kyrian Jacquet,0.49,0.5,False,0.29000000000000004,82,1784744340,1784746838
26JUL22FELBUS,Kilian Feldbausch,0.5,0.51,False,0.325,90,1784721720,1784724330
26JUL22RUBSKA,Andrey Rublev,0.99,1.0,True,0.915,96,1784820360,1784825424
26JUL22STRNAV,Mariano Navone,0.98,0.99,True,0.905,74,1784719140,1784719486
26JUL22MARDAR,Luciano Darderi,0.97,0.98,True,0.755,94,1784828280,1784831426
26JUL22BUBDIA,Alexander Bublik,0.85,0.86,True,0.685,79,1784730240,1784732441
26JUL21MERJAC,Daniel Merida,0.77,0.78,False,0.6950000000000001,81,1784641800,1784643339
26JUL21TABTOR,Tiago Torres,0.35,0.37,True,0.135,78,1784738160,1784740542
26JUL21BORLUZ,Nuno Borges,0.94,0.95,True,0.935,103,1784638560,1784640677
26JUL21VALFEL,Kilian Feldbausch,0.76,0.77,True,0.4225,68,1784639160,1784641252
26JUL19FELKOP,Kilian Feldbausch,0.91,0.92,True,0.725,96,1784470620,1784472384
26JUL19PELBUE,Gonzalo Bueno,0.77,0.79,True,0.345,81,1784460360,1784462499
26JUL19DROUGO,Titouan Droguet,0.67,0.68,True,0.46499999999999997,101,1784551560,1784553679
26JUL19FERVAN,Luca Van Assche,0.82,0.83,True,0.795,118,1784553180,1784565062
26JUL19TORBAS,Tiago Torres,0.65,0.7,True,0.20500000000000002,100,1784548200,1784548880
26JUL19WAWBUR,Roman Andres Burruchaga,0.78,0.8,True,0.675,78,1784644080,1784647242
26JUL19LUZTAB,Orlando Luz,0.41,0.42,True,0.08499999999999999,68,1784468100,1784471152
26JUL19JACDAN,Taro Daniel,0.66,0.67,True,0.485,75,1784459400,1784461905
26JUL19CINGIU,Federico Cina,0.99,1.0,True,0.76,78,1784465220,1784467902
26JUL18LUZTSE,Orlando Luz,0.54,0.55,True,0.275,60,1784384040,1784385960
26JUL19ALTCOL,Daniel Altmaier,0.86,0.87,True,0.4175,82,1784646360,1784649338
26JUL19CERTRU,Marco Trungelliti,0.66,0.69,True,0.2625,100,1784625600,1784628080
26JUL19KOPBUS,Ignacio Buse,0.87,0.88,True,0.65,118,1784558400,1784562062
26JUL19MOLOFN,Alex Molcan,0.78,0.79,True,0.5825,87,1784640720,1784642853
26JUL19MULNAV,Mariano Navone,0.98,0.99,True,0.77,115,1784539620,1784542565
26JUL19STRSHE,Alexander Shevchenko,0.67,0.68,False,0.425,61,1784614500,1784627159
26JUL18CINMIC,Federico Cina,0.88,0.89,True,0.8274999999999999,109,1784369700,1784370671
26JUL18DELRIB,Michele Ribecai,0.57,0.6,False,0.305,99,1784386080,1784388681
26JUL18CORSAC,Vitaliy Sachko,0.94,0.95,True,0.73,60,1784375760,1784382060
26JUL18KOPHER,Sandro Kopp,0.8,0.81,True,0.795,108,1784393940,1784394372
26JUL18BUTTAB,Edas Butvilas,0.65,0.72,False,0.5575,117,1784374980,1784375763
26JUL18DANPRA,Taro Daniel,0.93,0.94,True,0.74,108,1784375640,1784376672
26JUL18DOMSKA,Timofey Skatov,0.94,0.95,True,0.79,98,1784385840,1784388682
26JUL18JACDA,Kyrian Jacquet,0.99,1.0,True,0.97,169,1784373360,1784374871
26JUL18MARJOR,Pedro Martinez,0.75,0.82,True,0.75,72,1784380500,1784381748
26JUL18ROCBUE,Gonzalo Bueno,0.97,0.98,True,0.8525,73,1784378460,1784381747
26JUL18SHETSI,Stefanos Tsitsipas,0.83,0.84,True,0.745,112,1784376000,1784378528
26JUL18RUBTAB,Andrey Rublev,0.86,0.87,True,0.66,75,1784385000,1784387745
26JUL18COLCER,Juan Manuel Cerundolo,0.76,0.77,False,0.46249999999999997,119,1784365140,1784368261
26JUL18VALDAR,Luciano Darderi,0.83,0.84,True,0.82,70,1784376060,1784376950
26JUL17DZUMOL,Alex Molcan,0.71,0.72,False,0.685,100,1784315160,1784319380
26JUL17BURMER,Daniel Merida,0.82,0.83,True,0.61,80,1784306160,1784309440
26JUL17BORDAR,Luciano Darderi,0.72,0.73,True,0.585,89,1784286600,1784291431
26JUL17VALTRA,Adolfo Daniel Vallejo,0.86,0.87,True,0.715,84,1784279940,1784283636
26JUL17COLVAC,Raphael Collignon,0.77,0.78,True,0.7275,83,1784278560,1784281237
26JUL16MOLDAV,Alejandro Davidovich Fokina,0.57,0.58,False,0.5675,105,1784232000,1784235315
26JUL16MERDRO,Daniel Merida,0.87,0.89,True,0.605,77,1784211480,1784212843
26JUL16DZUARN,Damir Dzumhur,0.66,0.67,True,0.325,77,1784218140,1784223043
26JUL16FARRUU,Jaime Faria,0.65,0.66,False,0.195,67,1784201160,1784204453
26JUL16SHESTR,Alexander Shevchenko,0.9,0.91,True,0.3475,87,1784283120,1784284833
26JUL15VANDRO,Titouan Droguet,0.76,0.77,True,0.7,99,1784141940,1784142321
26JUL15GOMARN,Matteo Arnaldi,0.91,0.92,True,0.775,111,1784124840,1784127669
26JUL15COBBUR,Roman Andres Burruchaga,0.64,0.65,True,0.315,64,1784134740,1784137916
26JUL15KYMTSI,Stefanos Tsitsipas,0.87,0.88,True,0.75,75,1784134560,1784136645
26JUL15BORDIM,Nuno Borges,0.97,0.98,True,0.6675,118,1784118660,1784121062
26JUL15BUBHAL,Alexander Bublik,0.84,0.86,False,0.685,80,1784213100,1784220340
26JUL15TRUDAV,Alejandro Davidovich Fokina,0.94,0.95,True,0.715,76,1784132280,1784135444
26JUL15VANVAL,Botic Van de Zandschulp,0.77,0.79,False,0.495,108,1784106900,1784110272
26JUL15TABMID,Alejandro Tabilo,0.9,0.91,True,0.77,70,1784215260,1784217650
26JUL15HANVAC,Yannick Hanfmann,0.63,0.64,False,0.615,81,1784126640,1784129139
26JUL14VANDAN,Botic Van de Zandschulp,0.95,0.96,True,0.61,63,1784027160,1784031657
26JUL14CECBUR,Roman Andres Burruchaga,0.96,0.97,True,0.535,76,1784045400,1784047544
26JUL14TOPUGO,Marko ToPo,0.59,0.61,False,0.265,102,1784040180,1784043078
26JUL14RINTAB,Clement Tabur,0.58,0.59,False,0.33,108,1784113920,1784126472
26JUL14CINHAL,Quentin Halys,0.76,0.77,True,0.545,67,1784031660,1784033753
26JUL13SANDAN,Taro Daniel,0.96,0.97,True,0.8725,93,1783945080,1783945887
26JUL13MARMID,Lautaro Midon,0.62,0.63,True,0.525,97,1783937280,1783938083
26JUL12CECOLI,Marco Cecchinato,0.93,0.94,True,0.765,62,1783869060,1783871518
26JUL12GUEGOM,Federico Agustin Gomez,0.55,0.56,True,0.405,93,1783870680,1783872987
26JUL12NEUTOP,Marko ToPo,0.66,0.67,True,0.235,81,1783869840,1783874499
26JUL12DODCAR,Pablo Carreno Busta,0.96,0.97,True,0.715,116,1784038560,1784041384
26JUL12DZUROC,Damir Dzumhur,0.88,0.91,True,0.63,88,1783954200,1783954892
26JUL12JACTRU,Marco Trungelliti,0.81,0.84,True,0.5974999999999999,102,1783961220,1783962978
26JUL12KOPPRI,Dino Prizmic,0.96,0.97,True,0.735,109,1783970760,1783972571
26JUL12LAJVAN,Dusan Lajovic,0.91,0.92,False,0.4475,88,1783960020,1783962692
26JUL12BUEMAR,Igor Marcondes,0.7,0.74,True,0.445,108,1783846800,1783848132
26JUL12CORDAN,Taro Daniel,0.91,0.92,True,0.675,110,1783859520,1783861330
26JUL12MOLFAU,Thomas Faurel,0.6,0.61,True,0.33999999999999997,84,1783860900,1783863696
26JUL12PASKAS,Francesco Passaro,0.67,0.68,True,0.52,93,1783852200,1783854147
26JUL12REJMID,Lautaro Midon,0.98,0.99,True,0.9299999999999999,100,1783852680,1783857740
26JUL12SLADAM,Miguel Damas,0.93,0.94,True,0.85,76,1783867920,1783870904
26JUL12CINHEM,Federico Cina,0.8,0.82,True,0.66,117,1783848720,1783850223
26JUL12BORKOU,Nuno Borges,0.99,1.0,True,0.765,93,1784036460,1784039667
26JUL12DEJGAU,Jesper De Jong,0.91,0.92,True,0.705,107,1783951440,1783955773
26JUL12SVRDIM,Grigor Dimitrov,0.83,0.84,True,0.5425,91,1784026920,1784030489
26JUL12FELKEC,Miomir Kecmanovic,0.72,0.73,True,0.795,89,1783940700,1783941691
26JUL12MULSHE,Alexandre Muller,0.44,0.45,False,0.365,68,1784040000,1784043712
26JUL12SONSCH,Lorenzo Sonego,0.85,0.86,True,0.685,67,1783932180,1783935113
26JUL12STRMUN,Dominic Stricker,0.79,0.8,True,0.20500000000000002,86,1783957260,1783959814
26JUL12TSIBUS,Stefanos Tsitsipas,0.86,0.87,True,0.455,61,1784037480,1784040659
26JUL12TABHUE,Clement Tabur,0.92,0.93,True,0.535,105,1783848300,1783851135
26JUL11CECAJD,Marco Cecchinato,0.85,0.86,True,0.715,118,1783782780,1783784822
26JUL11DHASAC,Vitaliy Sachko,0.95,0.96,True,0.665,62,1783783380,1783786318
26JUL10FERZVE,Alexander Zverev,0.93,0.94,True,0.855,113,1783681920,1783690807
26JUL08COBFER,Arthur Fery,0.33,0.35,True,0.28500000000000003,95,1783515120,1783522825
26JUL07AUGDJO,Novak Djokovic,0.54,0.55,True,0.575,107,1783443300,1783447813
26JUL06DIMFER,Arthur Fery,0.44,0.45,True,0.315,98,1783349940,1783354222
26JUL06LEHZVE,Alexander Zverev,0.84,0.85,True,0.73,91,1783365480,1783370189
26JUL06DECOB,Flavio Cobolli,0.44,0.46,True,0.225,110,1783339560,1783343110
26JUL05HURSTR,Hubert Hurkacz,0.84,0.85,False,0.735,70,1783256880,1783269050
26JUL05SINMOC,Jannik Sinner,0.96,0.97,True,0.965,95,1783267740,1783278625
26JUL04TIABUB,Frances Tiafoe,0.65,0.66,False,0.655,73,1783187640,1783188647
26JUL04KHACOB,Karen Khachanov,0.87,0.88,False,0.58,60,1783166700,1783170060
26JUL04DESVA,Alex de Minaur,0.92,0.93,True,0.845,103,1783159800,1783162277
26JUL04FRISON,Lorenzo Sonego,0.37,0.38,False,0.125,99,1783183380,1783185921
26JUL03STRMED,Jan-Lennard Struff,0.27,0.28,True,0.15500000000000003,75,1783085760,1783088145
26JUL03RINDJO,Novak Djokovic,0.87,0.88,True,0.865,91,1783081440,1783086089
26JUL03SAFFON,Roman Safiullin,0.48,0.49,True,0.22,78,1783073820,1783076502
26JUL03DAVFUC,Alejandro Davidovich Fokina,0.94,0.95,True,0.76,108,1783092540,1783094472
26JUL02DUCCOB,Flavio Cobolli,0.86,0.87,True,0.705,78,1783002840,1783006302
26JUL02LEHMOL,Jiri Lehecka,0.93,0.94,True,0.845,76,1783009020,1783011704
26JUL03HURPAU,Tommy Paul,0.77,0.78,False,0.6174999999999999,114,1783087380,1783089666
26JUL02BERFIL,Matteo Berrettini,0.53,0.54,True,0.315,91,1783002660,1783004489
26JUL02MENDIM,Grigor Dimitrov,0.44,0.45,True,0.365,102,1783010880,1783014678
26JUL02DIASON,Lorenzo Sonego,0.7,0.71,True,0.495,91,1782987960,1782990389
26JUL02HALGIR,Marcos Giron,0.7,0.71,True,0.5125,97,1782999960,1783001783
26JUL02ROYZVE,Alexander Zverev,0.97,0.98,True,0.955,101,1783001940,1783003579
26JUL02JACBUB,Alexander Bublik,0.88,0.89,True,0.785,113,1783012560,1783014367
26JUL01DEJFON,Joao Fonseca,0.91,0.92,True,0.845,84,1782914580,1782916956
26JUL02SVAMAJ,Kamil Majchrzak,0.78,0.79,False,0.585,96,1782994680,1782996384
26JUL01NAKSTR,Brandon Nakashima,0.91,0.92,False,0.76,72,1782924120,1782925908
26JUL02DEMAN,Alex de Minaur,0.91,0.92,True,0.875,115,1782984660,1782990125
26JUL01TSIDJO,Novak Djokovic,0.9,0.91,True,0.805,65,1782932040,1782934315
26JUL01MEJZHE,Nicolas Mejia,0.35,0.36,False,0.22999999999999998,104,1782907920,1782910036
26JUL01DAVMAR,Alejandro Davidovich Fokina,0.96,0.97,True,0.665,110,1782907020,1782909730
26JUL01RINDAM,Arthur Rinderknech,0.78,0.79,True,0.5599999999999999,101,1782912360,1782914539
26JUL01KWONPAU,Tommy Paul,0.92,0.93,True,0.885,70,1782891780,1782902930
26JUL01SINBOR,Jannik Sinner,0.94,0.95,True,0.9575,82,1782910200,1782912758
26JUL01SAFVAN,Roman Safiullin,0.91,0.92,True,0.61,96,1782910980,1782912444
26JUN30FRILAJ,Taylor Fritz,0.95,0.97,True,0.945,68,1782823020,1782823972
26JUL01FUCTIE,Learner Tien,0.87,0.88,False,0.6975,96,1782901920,1782905544
26JUL01JODCAR,Pablo Carreno Busta,0.32,0.36,False,0.20500000000000002,80,1782927300,1782930400
26JUN30LLASVA,Zachary Svajda,0.96,0.97,True,0.715,91,1782815820,1782823049
26JUN29ARNHAL,Matteo Arnaldi,0.63,0.64,False,0.4275,109,1782819960,1782821891
26JUN29BAUFON,Joao Fonseca,0.89,0.91,True,0.805,113,1782738720,1782743047
26JUN29CILMED,Daniil Medvedev,0.91,0.92,True,0.725,82,1782745680,1782747698
26JUN29DAVCER,Alejandro Davidovich Fokina,0.92,0.93,True,0.775,64,1782748800,1782751436
26JUN29DEJHIJ,Jesper De Jong,0.49,0.5,True,0.265,110,1782754200,1782758290
26JUN29DZUFER,Damir Dzumhur,0.53,0.54,False,0.3625,81,1782822540,1782823059
26JUN29GASTSI,Stefanos Tsitsipas,0.94,0.95,True,0.785,105,1782744600,1782745455
26JUN29GRIDUC,James Duckworth,0.54,0.55,True,0.345,92,1782834420,1782836548
26JUN29HUMBER,Zizou Bergs,0.59,0.6,True,0.345,93,1782824280,1782826647
26JUN29JODGIL,Rafael Jodar,0.97,0.98,True,0.855,113,1782725340,1782730447
26JUN29KOKBUB,Thanasi Kokkinakis,0.51,0.52,False,0.305,95,1782824160,1782826645
26JUN29KOPCHO,Jan Choinski,0.73,0.77,True,0.41000000000000003,87,1782835440,1782841653
26JUN29KWONLAN,Soonwoo Kwon,0.56,0.58,True,0.395,68,1782735660,1782746992
26JUN29MAJTAB,Kamil Majchrzak,0.87,0.88,True,0.685,108,1782804000,1782816792
26JUN29MEDOFN,Hamad Medjedovic,0.71,0.72,False,0.7475,63,1782737100,1782738297
26JUN29MENSAM,Toby Samuel,0.53,0.55,False,0.34249999999999997,81,1782828120,1782830619
26JUN29MICFEA,Alex Michelsen,0.9,0.91,False,0.595,90,1782819000,1782822210
26JUN29MOCBAS,Shintaro Mochizuki,0.92,0.94,True,0.665,87,1782728280,1782731733
26JUN29MOLALT,Alex Molcan,0.64,0.65,True,0.475,88,1782839100,1782842552
26JUN29MOUGIR,Corentin Moutet,0.59,0.61,False,0.445,103,1782831480,1782833837
26JUN29MULPAU,Tommy Paul,0.98,1.0,True,0.975,107,1782734880,1782735253
26JUN29MUNCER,Jaume Munar,0.39,0.4,True,0.3425,89,1782827040,1782827251
26JUN29NAKPIN,Brandon Nakashima,0.81,0.83,True,0.805,69,1782754980,1782757671
26JUN29QUIDAR,Ethan Quinn,0.67,0.68,True,0.635,104,1782742560,1782745996
26JUN29RINTAR,Arthur Rinderknech,0.66,0.67,True,0.585,109,1782739140,1782743651
26JUN29ROYWEN,Harry Wendelken,0.68,0.69,False,0.46499999999999997,79,1782814680,1782817061
26JUN29RUUHUR,Hubert Hurkacz,0.9,0.91,True,0.645,69,1782735900,1782738831
26JUN29SONETC,Lorenzo Sonego,0.7,0.71,True,0.5325,116,1782832260,1782833284
26JUN29SVRTIE,Learner Tien,0.91,0.92,True,0.885,66,1782727800,1782730434
26JUN29TIAATM,Frances Tiafoe,0.95,0.97,True,0.805,113,1782843480,1782847327
26JUN29TIRMAR,Fabian Marozsan,0.79,0.8,True,0.665,73,1782744840,1782748427
26JUN29VALMEJ,Adolfo Daniel Vallejo,0.72,0.73,False,0.575,72,1782746340,1782749808
26JUN29VANFUC,Marton Fucsovics,0.99,1.0,True,0.7075,162,1782729240,1782731718
26JUN29WALPRI,Adam Walton,0.62,0.63,False,0.43,76,1782742020,1782744824
26JUN29YIBDJO,Novak Djokovic,0.93,0.94,True,0.925,115,1782756060,1782759185
26JUN26DRAHUM,Ugo Humbert,0.66,0.67,True,0.36,75,1782489600,1782493785
26JUN26BERSAM,Toby Samuel,0.7,0.71,False,0.375,104,1782481560,1782483856
26JUN26BORQUI,Ethan Quinn,0.91,0.92,True,0.415,63,1782478500,1782481437
26JUN25BUDVIR,Nicolai Budkov Kjaer,0.54,0.56,False,0.245,69,1782391920,1782395091
26JUN25GAULAJ,Dusan Lajovic,0.63,0.65,False,0.475,104,1782386820,1782390076
26JUN25FARSAK,Jaime Faria,0.8,0.81,True,0.645,96,1782389040,1782392484
26JUN25DIMDAV,Alejandro Davidovich Fokina,0.86,0.88,True,0.635,98,1782402660,1782405022
26JUN25GASECH,Hugo Gaston,0.88,0.89,True,0.745,82,1782391560,1782396338
26JUN25SAFKYM,Jerome Kym,0.41,0.42,False,0.3325,91,1782382620,1782384989
26JUN25CHOBER,Zizou Bergs,0.84,0.85,True,0.745,66,1782388800,1782390954
26JUN25HUMHAL,Ugo Humbert,0.87,0.88,True,0.715,77,1782399660,1782402043
26JUN25BASBER,Remy Bertola,0.84,0.88,False,0.7975000000000001,92,1782383820,1782384388
26JUN25MEJSCH,Nicolas Mejia,0.42,0.48,True,0.255,75,1782379980,1782385905
26JUN25ZHOHAR,Yi Zhou,0.62,0.63,False,0.305,66,1782382260,1782383514
26JUN25QUIKOP,Vit Kopriva,0.64,0.65,False,0.375,80,1782378780,1782382000
26JUN25DARBOR,Nuno Borges,0.88,0.89,True,0.625,104,1782389640,1782390676
26JUN24ALTBER,Zizou Bergs,0.76,0.77,True,0.73,96,1782307560,1782309744
26JUN24FERCER,Juan Manuel Cerundolo,0.8,0.81,True,0.315,92,1782302520,1782304648
26JUN24KOPBUS,Vit Kopriva,0.77,0.78,True,0.43,118,1782297960,1782300782
26JUN24SHEDIM,Grigor Dimitrov,0.97,0.98,True,0.815,101,1782315540,1782318379
26JUN24CASQUI,Ethan Quinn,0.91,0.92,True,0.9075,115,1782297360,1782298985
26JUN24DRAPIN,Jack Draper,0.97,0.98,True,0.83,73,1782318240,1782321107
26JUN24MCDCAR,Mackenzie McDonald,0.93,0.94,True,0.8374999999999999,99,1782309840,1782309741
26JUN24BASGEN,Max Basing,0.77,0.78,True,0.47,99,1782297720,1782299301
26JUN24BERROD,Jurij Rodionov,0.87,0.91,False,0.63,70,1782297300,1782298070
26JUN24BUDDOD,Nicolai Budkov Kjaer,0.76,0.77,True,0.71,85,1782319980,1782321995
26JUN24MEJHEI,Nicolas Mejia,0.87,0.88,True,0.4575,106,1782298980,1782299294
26JUN23SONKEC,Lorenzo Sonego,0.78,0.79,False,0.475,119,1782215160,1782217441
26JUN24CORSAK,Stefanos Sakellaridis,0.95,0.96,True,0.8574999999999999,71,1782296160,1782298069
26JUN24NARVIR,Otto Virtanen,0.88,0.89,True,0.885,67,1782313920,1782313913
26JUN24TRAZHO,Yi Zhou,0.62,0.64,True,0.475,110,1782297360,1782299290
26JUN23STRBOR,Nuno Borges,0.87,0.88,True,0.615,118,1782215520,1782217442
26JUN24GALTAR,Oliver Tarvet,0.87,0.88,True,0.8,84,1782297660,1782305556
26JUN24YMESKA,Timofey Skatov,0.89,0.9,True,0.665,100,1782316260,1782316340
26JUN24ONCMOC,Shintaro Mochizuki,0.61,0.62,True,0.535,97,1782296160,1782298403
26JUN23MARTAB,Fabian Marozsan,0.88,0.89,True,0.41000000000000003,116,1782209880,1782212044
26JUN23EVASCH,Tristan Schoolkate,0.96,0.97,True,0.615,77,1782299100,1782304963
26JUN23GUEJAC,Kyrian Jacquet,0.82,0.83,True,0.705,72,1782320820,1782322308
26JUN23KWONGEA,Arthur Gea,0.67,0.71,False,0.4225,81,1782316320,1782319299
26JUN23DOUSAK,Rei Sakamoto,0.86,0.87,True,0.705,81,1782318060,1782320799
26JUN23GOJSMI,Colton Smith,0.72,0.73,True,0.45499999999999996,92,1782308460,1782310348
26JUN23GASCIN,Hugo Gaston,0.65,0.66,True,0.44499999999999995,64,1782309180,1782312416
26JUN22KECGHI,Antoine Ghibaudo,0.47,0.48,False,0.175,67,1782138660,1782141893
26JUN23DJEZHE,Michael Zheng,0.87,0.88,True,0.5675,83,1782310980,1782314257
26JUN23SAFCOP,Roman Safiullin,0.97,0.98,True,0.84,85,1782312000,1782314255
26JUN22GIRDRA,Jack Draper,0.89,0.9,True,0.7,68,1782134520,1782137032
26JUN23DARHAN,Luciano Darderi,0.61,0.62,True,0.395,119,1782229440,1782233581
26JUN23POLDIM,Grigor Dimitrov,0.93,0.94,True,0.825,72,1782211380,1782213828
26JUN22MARMOL,Alex Molcan,0.82,0.83,False,0.65,86,1782129960,1782130714
26JUN22ANDSMI,Colton Smith,0.94,0.95,True,0.8525,103,1782123240,1782125957
26JUN22BASYME,Nikoloz Basilashvili,0.86,0.87,False,0.625,96,1782132360,1782134664
26JUN22BAXROD,Florent Bax,0.25,0.27,False,0.1325,103,1782141900,1782144317
26JUN22BOSJAC,Kyrian Jacquet,0.99,1.0,True,0.9,66,1782130080,1782131394
26JUN22BOYOLI,Tristan Boyer,0.99,1.0,True,0.9175,106,1782137580,1782138914
26JUN22BROHOL,August Holmgren,0.65,0.68,True,0.52,94,1782135780,1782140666
26JUN22BUDREI,Nicolai Budkov Kjaer,0.92,0.93,True,0.86,118,1782135300,1782138242
26JUN22BUTECH,Edas Butvilas,0.97,0.98,False,0.8625,98,1782131940,1782133102
26JUN22CADCIN,Federico Cina,0.98,1.0,True,0.955,107,1782125940,1782125953
26JUN22CECBAR,Marcelo Tomas Barrios Vera,0.85,0.86,True,0.845,118,1782142740,1782144842
26JUN22CHIDOU,Aziz Dougaz,0.79,0.8,True,0.2475,113,1782124500,1782126607
26JUN22CLAPEL,Jay Clarke,0.86,0.87,False,0.715,119,1782135480,1782138241
26JUN22COMMOR,Francisco Comesana,0.84,0.85,False,0.675,70,1782128160,1782131390
26JUN22CORBON,Federico Coria,0.41,0.43,True,0.25,95,1782138000,1782140665
26JUN22DENZHO,Yi Zhou,0.99,1.0,True,0.5700000000000001,73,1782135180,1782137627
26JUN22DIAGAL,Alexis Galarneau,0.9,0.91,True,0.8925000000000001,110,1782139320,1782139510
26JUN22DODFER,Frederico Ferreira Silva,0.78,0.81,False,0.575,74,1782135600,1782143686
26JUN22DRABER,Liam Draxl,0.72,0.73,False,0.405,119,1782143940,1782144841
26JUN22FARGRE,Jaime Faria,0.81,0.82,True,0.8875,117,1782125460,1782126603
26JUN22GAUMMO,Michael Mmoh,0.85,0.86,False,0.66,114,1782143760,1782146046
26JUN22GIUONC,Gauthier Onclin,0.94,0.96,True,0.87,74,1782128820,1782131386
26JUN22GOMTAB,Clement Tabur,0.97,0.98,True,0.9025000000000001,115,1782126180,1782125945
26JUN22HERJUB,Paul Jubb,0.64,0.65,True,0.53,97,1782147120,1782149063
26JUN22HSUSAK,Stefanos Sakellaridis,0.94,0.95,True,0.595,86,1782128940,1782131914
26JUN22LAJPAV,Luka Pavlovic,0.86,0.87,True,0.4525,62,1782124440,1782126598
26JUN22MAEBAS,Francesco Maestrelli,0.7,0.71,False,0.705,99,1782139680,1782140661
26JUN22MATSAK,Rei Sakamoto,0.75,0.76,True,0.595,64,1782123360,1782126596
26JUN22MCDMEL,Mackenzie McDonald,0.87,0.89,True,0.935,98,1782145980,1782149062
26JUN22NAPHAR,Billy Harris,0.98,0.99,True,0.945,119,1782126000,1782125941
26JUN22NOGNAR,Luca Nardi,0.8,0.81,True,0.835,63,1782140700,1782141897
26JUN22PRAEVA,Daniel Evans,0.87,0.88,True,0.6325000000000001,109,1782133560,1782134651
26JUN22SACMOC,Shintaro Mochizuki,0.84,0.85,True,0.725,111,1782131520,1782134649
26JUN22SAIKWON,Soonwoo Kwon,0.91,0.92,True,0.8275,90,1782130500,1782131910
26JUN22SKABAR,Timofey Skatov,0.94,0.95,True,0.875,84,1782130020,1782131376
26JUN22SMIFIC,Keegan Smith,0.88,0.91,True,0.7925,102,1782129300,1782129558
26JUN22SQUZHE,Michael Zheng,0.89,0.9,True,0.8825000000000001,111,1782125640,1782125409
26JUN22TARBOL,Oliver Tarvet,0.78,0.79,True,0.47,107,1782128400,1782133093
26JUN22UCHTOM,Bernard Tomic,0.96,0.97,True,0.825,85,1782145980,1782146675
26JUN22WONGOJ,Borna Gojo,0.91,0.92,True,0.395,116,1782123600,1782127744
26JUN22ZHASEA,Henry Searle,0.75,0.79,True,0.4,67,1782143280,1782145433
26JUN22QUIROY,Ethan Quinn,0.82,0.83,True,0.6775,67,1782124260,1782126593
26JUN22TSIBUS,Ignacio Buse,0.92,0.94,True,0.395,119,1782220380,1782225481
26JUN22BERMUN,Zizou Bergs,0.84,0.87,True,0.565,115,1782151440,1782153545
26JUN22HUMBEL,Ugo Humbert,0.51,0.52,True,0.715,73,1782238560,1782239027
26JUN21HUSTRU,Giles Hussey,0.71,0.72,True,0.45,102,1782048180,1782050778
26JUN21STEVUK,Aleksandar Vukic,0.81,0.82,True,0.635,111,1782026160,1782040029
26JUN21HANVAL,Yannick Hanfmann,0.77,0.78,True,0.735,116,1782059700,1782063604
26JUN21NAVSON,Lorenzo Sonego,0.81,0.82,True,0.615,117,1782047880,1782051423
26JUN21SVADZU,Damir Dzumhur,0.43,0.44,True,0.215,94,1782044880,1782045746
26JUN21ARNSAM,Toby Samuel,0.82,0.83,False,0.5025,89,1782046980,1782049351
26JUN21MOLCAS,Alex Molcan,0.91,0.92,True,0.635,64,1782036540,1782038816
26JUN21WALGHI,Adam Walton,0.99,1.0,True,0.755,72,1782036720,1782041568
26JUN20MOLSES,Alex Molcan,0.98,0.99,True,0.935,68,1781949180,1781949772
26JUN20WALBON,Adam Walton,0.96,0.97,True,0.8975,92,1781953080,1781953588
26JUN20PAUHUM,Tommy Paul,0.93,0.94,True,0.625,76,1781966400,1781971304
26JUN20SAMHAL,Toby Samuel,0.86,0.87,True,0.6725000000000001,91,1781951220,1781952389
26JUN20NAVSTE,Emilio Nava,0.79,0.8,False,0.76,98,1781964780,1781965582
26JUN20WENVUK,Aleksandar Vukic,0.59,0.6,True,0.555,117,1781958900,1781962323
26JUN20DUCHUS,Giles Hussey,0.63,0.64,True,0.20750000000000002,106,1781970540,1781972474
26JUN20NAKCER,Brandon Nakashima,0.81,0.82,False,0.625,86,1781957400,1781961694
26JUN20ZVEFRI,Alexander Zverev,0.65,0.67,False,0.585,113,1781961840,1781965927
26JUN19HUMHIJ,Ugo Humbert,0.95,0.96,True,0.7175,106,1781891460,1781892134
26JUN19PAUDAV,Tommy Paul,0.87,0.88,True,0.705,68,1781885220,1781889412
26JUN19FERCER,Francisco Cerundolo,0.88,0.89,True,0.59,81,1781876880,1781880939
26JUN19ALTMED,Daniel Altmaier,0.42,0.44,True,0.16999999999999998,81,1781882220,1781885139
26JUN18SHEQUI,Ben Shelton,0.91,0.92,True,0.785,94,1781774820,1781784086
26JUN18MARFRI,Taylor Fritz,0.96,0.97,True,0.815,73,1781775900,1781777747
26JUN18HIJLEH,Jiri Lehecka,0.86,0.87,False,0.745,113,1781788560,1781800267
26JUN18MOUDAV,Alejandro Davidovich Fokina,0.93,0.94,True,0.635,116,1781778480,1781782864
26JUN18ZVEHAN,Alexander Zverev,0.88,0.9,True,0.865,82,1781788380,1781792738
26JUN17MEDHUM,Hamad Medjedovic,0.74,0.75,False,0.38,114,1781808060,1781809866
26JUN17BROCER,Francisco Cerundolo,0.96,0.97,True,0.625,117,1781710980,1781713263
26JUN17NAKBUS,Brandon Nakashima,0.89,0.9,True,0.755,85,1781693460,1781695895
26JUN17HURALT,Hubert Hurkacz,0.89,0.9,False,0.785,110,1781704860,1781706070
26JUN17COLBEL,Mattia Bellucci,0.7,0.71,False,0.4825,110,1781795700,1781799670
26JUN17PAUVAN,Tommy Paul,0.96,0.97,True,0.775,74,1781786760,1781790646
26JUN17TIEAUG,Learner Tien,0.67,0.68,False,0.445,67,1781704560,1781708153
26JUN16BUSGIR,Marcos Giron,0.82,0.83,False,0.685,110,1781607660,1781609530
26JUN16BELBUB,Mattia Bellucci,0.87,0.88,True,0.28250000000000003,63,1781604360,1781606517
26JUN16POPCOL,Raphael Collignon,0.96,0.97,True,0.575,89,1781603700,1781605951
26JUN15BASALT,Daniel Altmaier,0.56,0.57,True,0.435,83,1781522400,1781525197
26JUN15BRODAM,Jenson Brooksby,0.59,0.61,True,0.42,104,1781616960,1781619736
26JUN15PAUSVA,Tommy Paul,0.95,0.96,True,0.695,108,1781530200,1781533332
26JUN14KOVMPE,Giovanni Mpetshi Perricard,0.79,0.8,True,0.625,92,1781443140,1781444248
26JUN14BELBOL,Alex Bolt,0.65,0.66,False,0.41500000000000004,113,1781441220,1781446927
26JUN14LANGEN,Martin Landaluce,0.88,0.89,True,0.875,78,1781441880,1781443602
26JUN14VUKWEN,Harry Wendelken,0.71,0.74,True,0.375,103,1781436900,1781439437
26JUN14SVADAM,Martin Damm Jr,0.66,0.67,True,0.44,117,1781435400,1781437623
26JUN14SONBAS,Nikoloz Basilashvili,0.98,0.99,True,0.6725000000000001,79,1781438340,1781438561
26JUN14BERFRI,Taylor Fritz,0.85,0.86,True,0.795,67,1781689380,1781692553
26JUN14FONHAN,Yannick Hanfmann,0.59,0.6,True,0.3325,98,1781609220,1781610742
26JUN14GRISHI,Sho Shimabukuro,0.73,0.74,True,0.405,109,1781608080,1781611571
26JUN14KHAQUI,Karen Khachanov,0.77,0.78,False,0.675,82,1781602980,1781605958
26JUN14SCHTIE,Learner Tien,0.94,0.95,True,0.83,86,1781506620,1781518654
26JUN14HUMCIL,Ugo Humbert,0.87,0.88,True,0.58,68,1781625600,1781627752
26JUN14MENMAN,Jakub Mensik,0.92,0.93,False,0.66,108,1781607300,1781609532
26JUN14NORDAV,Alejandro Davidovich Fokina,0.87,0.88,True,0.575,102,1781630040,1781633778
26JUN14RINMED,Hamad Medjedovic,0.62,0.63,True,0.4525,117,1781624340,1781627283
26JUN13MAJMED,Kamil Majchrzak,0.79,0.8,True,0.3525,108,1781366100,1781368572
26JUN13SHELEH,Jiri Lehecka,0.61,0.65,False,0.485,99,1781357400,1781361381
26JUN13BELKUK,Mattia Bellucci,0.9,0.91,True,0.865,98,1781361000,1781361382
26JUN13COLDOU,Raphael Collignon,0.99,1.0,True,0.89,98,1781356740,1781358982
26JUN13DEDBAS,Nikoloz Basilashvili,0.8,0.81,True,0.575,73,1781347020,1781348507
26JUN13MACBOL,Jamie Mackenzie,0.25,0.26,False,0.345,70,1781349660,1781350310
26JUN13SANBAU,Roberto Bautista Agut,0.92,0.93,True,0.83,92,1781350680,1781353288
26JUN13BUBFRI,Taylor Fritz,0.71,0.72,True,0.455,94,1781349780,1781353286
26JUN12BELFRI,Mattia Bellucci,0.53,0.55,False,0.2425,81,1781277900,1781281419
26JUN12BONDE,Alex de Minaur,0.93,0.94,True,0.7975000000000001,68,1781269920,1781271652
26JUN11AUGFUC,Felix Auger-Aliassime,0.97,0.98,True,0.6799999999999999,74,1781182560,1781185246
26JUN11GRIZHA,Zhizhen Zhang,0.69,0.7,True,0.295,117,1781176320,1781179263
26JUN11MAJMCC,Kamil Majchrzak,0.91,0.93,True,0.715,77,1781176560,1781177743
26JUN11MEDBOO,Daniil Medvedev,0.89,0.9,True,0.895,77,1781188380,1781190343
26JUN11SHIKYR,Nick Kyrgios,0.82,0.83,False,0.605,71,1781180700,1781183449
26JUN10LEHDUC,James Duckworth,0.25,0.26,False,0.255,116,1781177880,1781179264
26JUN10MANRIN,Adrian Mannarino,0.64,0.65,True,0.49,107,1781176140,1781179873
26JUN10BELHAN,Mattia Bellucci,0.71,0.72,True,0.455,99,1781082420,1781086581
26JUN10HUMBON,Benjamin Bonzi,0.69,0.72,True,0.4925,112,1781170440,1781171768
26JUN09STRGAL,Jan-Lennard Struff,0.88,0.89,True,0.635,110,1781007540,1781009770
26JUN08HUMYME,Ugo Humbert,0.98,0.99,True,0.83,82,1780936800,1780937198
26JUN08BAUGIR,Marcos Giron,0.81,0.82,True,0.575,68,1780989480,1780999912
26JUN08DAVBEL,Mattia Bellucci,0.55,0.58,True,0.305,74,1780910340,1780912306
26JUN08DEDDUC,James Duckworth,0.9,0.91,True,0.735,65,1781017500,1781022715
26JUN08HANKOV,Yannick Hanfmann,0.79,0.8,True,0.6025,91,1780998600,1781000189
26JUN08DIAMAN,Adrian Mannarino,0.63,0.65,True,0.57,92,1780999200,1781001688
26JUN08VIRMAJ,Otto Virtanen,0.72,0.73,False,0.535,73,1781071800,1781085947
26JUN07BONTOM,Bernard Tomic,0.33,0.34,False,0.255,117,1780834680,1780837623
26JUN07ALKHER,Pierre-Hugues Herbert,0.88,0.89,True,0.735,76,1780834080,1780834604
26JUN07VISYME,Elias Ymer,0.85,0.86,True,0.675,86,1780828920,1780831354
26JUN07GENHIJ,Tom Gentzsch,0.56,0.57,False,0.21000000000000002,119,1781011020,1781013961
26JUN07KYRMOU,Nick Kyrgios,0.81,0.82,True,0.345,85,1781025840,1781028695
26JUN07SHIROD,Sho Shimabukuro,0.91,0.93,True,0.5075000000000001,85,1780824060,1780827155
26JUN06BONPOL,Benjamin Bonzi,0.93,0.94,True,0.8474999999999999,94,1780755300,1780756586
26JUN06LOOFIC,Juan Pablo Ficovich,0.79,0.8,True,0.8775,88,1780738680,1780741352
26JUN06BASHUE,Marc-Andrea Huesler,0.73,0.75,True,0.395,76,1780737180,1780738964
26JUN06CASROD,Jurij Rodionov,0.94,0.96,True,0.8374999999999999,76,1780742700,1780744004
26JUN06HERGLI,Pierre-Hugues Herbert,0.83,0.84,True,0.66,84,1780747380,1780750296
26JUN06SAFBAR,Petr Bar Biryukov,0.48,0.49,False,0.1325,86,1780758180,1780759894
26JUN03AUGCOB,Felix Auger-Aliassime,0.7,0.71,False,0.495,100,1780490940,1780500140
26JUN02JODZVE,Alexander Zverev,0.85,0.86,True,0.795,92,1780403100,1780409128
26JUN01TIAARN,Matteo Arnaldi,0.7,0.71,True,0.505,82,1780328460,1780340498
26JUN01CERBER,Matteo Berrettini,0.73,0.75,True,0.615,81,1780324320,1780327299
26MAY31DEJZVE,Alexander Zverev,0.94,0.95,True,0.92,96,1780234200,1780239084
26MAY31MENRUB,Jakub Mensik,0.65,0.66,True,0.455,100,1780242780,1780251380
26MAY30ARNCOL,Matteo Arnaldi,0.6,0.61,True,0.305,93,1780153800,1780155987
26MAY30BERCOM,Matteo Berrettini,0.81,0.82,True,0.665,119,1780136640,1780144921
26MAY30CERLAN,Juan Manuel Cerundolo,0.74,0.75,True,0.615,62,1780145520,1780147558
26MAY30FARTIA,Jaime Faria,0.62,0.63,False,0.365,89,1780165380,1780168291
26MAY30KOUTAB,Moise Kouame,0.46,0.48,False,0.225,107,1780150560,1780154173
26MAY30COBTIE,Flavio Cobolli,0.88,0.89,True,0.615,94,1780135860,1780137986
26MAY29RUUPAU,Tommy Paul,0.55,0.56,False,0.245,94,1780072380,1780075046
26MAY29FONDJO,Novak Djokovic,0.78,0.79,False,0.665,102,1780059180,1780066458
26MAY29BORRUB,Andrey Rublev,0.77,0.78,True,0.745,119,1780035840,1780049041
26MAY28SINCER,Jannik Sinner,0.98,0.99,False,0.985,110,1779962460,1779965590
26MAY28STRFAR,Jaime Faria,0.81,0.82,True,0.605,102,1779950760,1779963198
26MAY28LANKOP,Vit Kopriva,0.8,0.81,False,0.575,68,1779966000,1779972532
26MAY28DIATIE,Learner Tien,0.78,0.81,True,0.805,96,1779948720,1779962664
26MAY28ARNTSI,Matteo Arnaldi,0.58,0.59,True,0.375,98,1779984060,1779995002
26MAY27RUUMED,Casper Ruud,0.88,0.89,True,0.705,76,1779908220,1779910664
26MAY27COLSHE,Raphael Collignon,0.59,0.6,True,0.325,114,1779991080,1779993186
26MAY27SONPAU,Tommy Paul,0.9,0.92,True,0.855,86,1779904740,1779907414
26MAY27KOKCAR,Pablo Carreno Busta,0.8,0.82,True,0.705,84,1779888000,1779892116
26MAY27HUMHAL,Quentin Halys,0.64,0.66,True,0.4175,114,1779887160,1779894846
26MAY27NAVMEN,Jakub Mensik,0.7,0.71,True,0.525,100,1779882120,1779884120
26MAY27DUCJOD,Rafael Jodar,0.97,0.98,True,0.945,67,1779888360,1779893333
26MAY27FONPRI,Dino Prizmic,0.67,0.68,False,0.485,113,1779897240,1779899647
26MAY27MACZVE,Alexander Zverev,0.94,0.95,True,0.885,106,1779906780,1779909494
26MAY27DAVTIR,Alejandro Davidovich Fokina,0.61,0.62,False,0.39,88,1779873240,1779875672
26MAY25WAWDEJ,Jesper De Jong,0.78,0.79,True,0.605,107,1779708180,1779710113
26MAY24DIAZHA,Facundo Diaz Acosta,0.88,0.89,True,0.715,70,1779791940,1779797150
26MAY24RINROD,Arthur Rinderknech,0.88,0.89,True,0.755,83,1779700440,1779705337
26MAY25BLOWON,Alexander Blockx,0.96,0.97,True,0.9,112,1779637680,1779639968
26MAY25CINOPE,Reilly Opelka,0.55,0.56,False,0.365,72,1779615120,1779629448
26MAY25FONPAV,Joao Fonseca,0.88,0.89,True,0.915,96,1779636660,1779640584
26MAY25NAVUGO,Camilo Ugo Carabelli,0.72,0.73,True,0.505,79,1779714960,1779718841
26MAY25SONHER,Lorenzo Sonego,0.77,0.78,True,0.5974999999999999,73,1779649020,1779650747
26MAY25AUGALT,Daniel Altmaier,0.5,0.51,False,0.275,81,1779814980,1779817839
26MAY25BAUNAK,Brandon Nakashima,0.88,0.89,True,0.75,95,1779707160,1779710125
26MAY25CILKOU,Moise Kouame,0.52,0.53,True,0.21750000000000003,87,1779787620,1779791433
26MAY25FEACER,Juan Manuel Cerundolo,0.95,0.96,True,0.775,108,1779809940,1779813972
26MAY25FUCBER,Marton Fucsovics,0.54,0.55,False,0.41500000000000004,83,1779704580,1779704377
26MAY25GARTIE,Learner Tien,0.84,0.85,True,0.655,68,1779799920,1779802552
26MAY25GRIARN,Tallon Griekspoor,0.65,0.66,False,0.405,91,1779788400,1779791429
26MAY25MERSHE,Ben Shelton,0.89,0.9,True,0.785,111,1779726480,1779728949
26MAY25MULTSI,Stefanos Tsitsipas,0.95,0.96,True,0.835,90,1779796320,1779798330
26MAY25NORVAL,Adolfo Daniel Vallejo,0.74,0.77,True,0.555,107,1779798600,1779801913
26MAY25POPSVA,Alexei Popyrin,0.93,0.94,False,0.885,99,1779786420,1779788781
26MAY25TABMAJ,Alejandro Tabilo,0.95,0.96,True,0.795,102,1779786540,1779788778
26MAY25YIBGIR,Yibing Wu,0.8,0.81,True,0.45,92,1779725700,1779728428
26MAY22TIEBUB,Learner Tien,0.63,0.64,True,0.445,81,1779459360,1779460539
26MAY22DEPAU,Alex de Minaur,0.92,0.93,False,0.585,79,1779464880,1779467801
26MAY24BONZVE,Alexander Zverev,0.96,0.97,True,0.955,101,1779626340,1779627739
26MAY24BUSRUB,Andrey Rublev,0.79,0.8,True,0.6675,116,1779719640,1779721804
26MAY24DROMEN,Jakub Mensik,0.76,0.77,True,0.6825,98,1779627540,1779629182
26MAY24ETCBOR,Nuno Borges,0.38,0.4,True,0.375,102,1779629220,1779630378
26MAY24FRIBAS,Nishesh Basavareddy,0.33,0.34,True,0.175,103,1779638100,1779640277
26MAY24HALBEL,Quentin Halys,0.64,0.65,True,0.565,104,1779631260,1779639976
26MAY24KECMAR,Miomir Kecmanovic,0.84,0.85,True,0.595,91,1779611400,1779617849
26MAY24KOKATM,Terence Atmane,0.83,0.87,False,0.785,92,1779709200,1779713188
26MAY24KOVJOD,Rafael Jodar,0.98,0.99,True,0.895,99,1779707280,1779708981
26MAY24MACBER,Tomas Machac,0.66,0.67,True,0.5675,108,1779622380,1779624672
26MAY24MPEDJO,Giovanni Mpetshi Perricard,0.36,0.37,False,0.11499999999999999,119,1779647760,1779650761
26MAY21DARDE,Alex de Minaur,0.78,0.79,True,0.52,101,1779386880,1779390859
26MAY21KOVUGO,Aleksandar Kovacevic,0.62,0.65,True,0.3,102,1779376920,1779379458
26MAY22BLAPAV,Luka Pavlovic,0.58,0.59,True,0.33999999999999997,60,1779454800,1779456960
26MAY22GAULLA,Pablo Llamas Ruiz,0.9,0.91,True,0.7324999999999999,76,1779445980,1779448004
26MAY22NAVMAR,Emilio Nava,0.86,0.87,True,0.71,88,1779451680,1779454532
26MAY22CARDEL,Hugo Dellien,0.85,0.86,True,0.5974999999999999,98,1779429840,1779443962
26MAY22GENSAF,Roman Safiullin,0.91,0.92,True,0.77,79,1779450300,1779452501
26MAY22GILJAC,Kyrian Jacquet,0.77,0.79,True,0.6074999999999999,112,1779459600,1779463628
26MAY21BUSHUM,Ignacio Buse,0.9,0.91,True,0.72,63,1779359820,1779361977
26MAY21GALCIN,Alexis Galarneau,0.6,0.63,False,0.135,106,1779366120,1779367634
26MAY21PAUALT,Tommy Paul,0.84,0.85,True,0.6775,90,1779363960,1779372510
26MAY21SVRFAU,Thomas Faurel,0.51,0.52,True,0.2,96,1779359700,1779366144
26MAY21HOLDIA,August Holmgren,0.66,0.68,False,0.27,62,1779354780,1779358378
26MAY20BUDGEN,Tom Gentzsch,0.83,0.84,True,0.425,104,1779292320,1779293836
26MAY20SCHBLA,Darwin Blanch,0.86,0.87,True,0.69,105,1779297240,1779298635
26MAY20RINDJE,Laslo Djere,0.71,0.72,False,0.3775,104,1779285900,1779288196
26MAY20PAVBAR,Luka Pavlovic,0.7,0.71,True,0.28500000000000003,104,1779290760,1779293596
26MAY20FERMAR,Pedro Martinez,0.85,0.88,True,0.4825,71,1779286560,1779290629
26MAY20FATJAC,Nerman Fatic,0.33,0.35,False,0.37250000000000005,110,1779288480,1779289450
26MAY20HUMKHA,Ugo Humbert,0.72,0.75,True,0.305,71,1779282000,1779284029
26MAY20ROCGOJ,Borna Gojo,0.71,0.72,True,0.445,107,1779285840,1779286993
26MAY20DODDEL,Hugo Dellien,0.91,0.93,True,0.7424999999999999,91,1779286860,1779287849
26MAY20AUGKOV,Felix Auger-Aliassime,0.95,0.96,False,0.875,110,1779272160,1779274690
26MAY20WONKOL,Coleman Wong,0.54,0.58,True,0.37,81,1779282180,1779284259
26MAY20BUSMEN,Ignacio Buse,0.86,0.87,True,0.4,98,1779276840,1779278002
26MAY19BLASKA,Darwin Blanch,0.94,0.95,True,0.84,115,1779217740,1779217565
26MAY20WAWMIC,Alex Michelsen,0.83,0.84,True,0.615,118,1779293340,1779296222
26MAY20GAUREI,Joao Lucas Reis Da Silva,0.68,0.69,False,0.235,71,1779285840,1779291289
26MAY20MORNEU,Lukas Neumayer,0.9,0.91,True,0.7,82,1779275640,1779277418
26MAY19BOSGAL,Pedro Boscardin Dias,0.86,0.87,False,0.565,112,1779272160,1779281048
26MAY20SVRGOM,Dalibor Svrcina,0.95,0.96,True,0.765,102,1779264840,1779268518
26MAY19SAMGOF,David Goffin,0.69,0.7,False,0.45999999999999996,104,1779274080,1779276856
26MAY19TSITIE,Learner Tien,0.89,0.9,True,0.365,73,1779266460,1779270287
26MAY19DIABER,Facundo Diaz Acosta,0.97,0.98,True,0.8200000000000001,77,1779264840,1779267583
26MAY19PAUETC,Tomas Martin Etcheverry,0.62,0.63,False,0.36,111,1779197760,1779212109
26MAY19HOLJAD,August Holmgren,0.9,0.94,True,0.805,82,1779261840,1779266678
26MAY19UGOTIA,Camilo Ugo Carabelli,0.68,0.7,True,0.52,66,1779288960,1779290634
26MAY19ZHETRA,Michael Zheng,0.92,0.93,True,0.41500000000000004,80,1779264900,1779267580
26MAY19DEJDRA,Liam Draxl,0.32,0.35,False,0.385,107,1779267420,1779267913
26MAY19KOVGEA,Aleksandar Kovacevic,0.82,0.83,True,0.4475,82,1779187560,1779189398
26MAY19PELHAR,Lloyd Harris,0.55,0.56,False,0.31,83,1779264840,1779266677
26MAY19NORNAV,Mariano Navone,0.71,0.75,True,0.545,101,1779260520,1779271099
26MAY18ALTHIJ,Daniel Altmaier,0.98,0.99,True,0.715,104,1779114360,1779117736
26MAY18GIRSHE,Ben Shelton,0.91,0.92,True,0.765,100,1779111000,1779119900
26MAY18BASMUN,Jaume Munar,0.87,0.88,True,0.69,108,1779192900,1779194412
26MAY18ROYCOM,Valentin Royer,0.5,0.51,False,0.36,109,1779101940,1779103751
26MAY18CHOAND,Jan Choinski,0.91,0.93,True,0.6799999999999999,63,1779198960,1779205857
26MAY18BASBOS,Pedro Boscardin Dias,0.79,0.81,True,0.19,70,1779113940,1779117410
26MAY18BERMOC,Shintaro Mochizuki,0.75,0.77,False,0.43,94,1779101040,1779102626
26MAY18BROBLA,Charles Broom,0.5,0.54,False,0.21500000000000002,105,1779121560,1779123135
26MAY18BROCAD,Gianluca Cadenasso,0.84,0.86,True,0.72,114,1779208680,1779210606
26MAY18BUDARN,Gilles Arnaud Bailly,0.71,0.73,False,0.6675,104,1779216660,1779216316
26MAY18BUEBAX,Gonzalo Bueno,0.87,0.89,True,0.8175,85,1779120840,1779121355
26MAY18CLASWE,Jay Clarke,0.97,0.98,True,0.825,98,1779105600,1779108562
26MAY18DEJSUN,Jesper De Jong,0.9,0.91,True,0.8225,117,1779092940,1779095943
26MAY18DIAOCO,Facundo Diaz Acosta,0.85,0.87,True,0.745,101,1779101460,1779106759
26MAY18DODZHO,Yi Zhou,0.59,0.66,False,0.14500000000000002,81,1779190260,1779192039
26MAY18DOUGIL,Felix Gill,0.78,0.8,True,0.745,100,1779189480,1779202220
26MAY18EVAJAD,Daniel Jade,0.82,0.83,True,0.605,99,1779098040,1779101001
26MAY18FATMIK,Nerman Fatic,0.93,0.94,True,0.515,98,1779207180,1779209722
26MAY18FICTRA,Stefano Travaglia,0.83,0.85,True,0.64,118,1779092040,1779094982
26MAY18GHIZHE,Michael Zheng,0.74,0.76,True,0.585,80,1779092400,1779095320
26MAY18GIUJAC,Kyrian Jacquet,0.96,0.97,True,0.72,71,1779200100,1779202789
26MAY18GOJGUE,Borna Gojo,0.84,0.89,True,0.61,116,1779175800,1779185944
26MAY18HEIADD,Gustavo Heide,0.97,0.98,True,0.915,61,1779186840,1779186659
26MAY18LAJSAF,Roman Safiullin,0.95,0.96,True,0.8200000000000001,66,1779203340,1779205854
26MAY18MCCKOL,Zdenek Kolar,0.91,0.92,True,0.8175,65,1779186000,1779187015
26MAY18MIDCAR,Roberto Carballes Baena,0.87,0.89,True,0.585,104,1779191280,1779192376
26MAY18MOLCRA,Oliver Crawford,0.5,0.51,False,0.09,114,1779189360,1779190686
26MAY18NEUBOL,Lukas Neumayer,0.97,0.98,True,0.855,78,1779119700,1779121002
26MAY18PAVWEN,Harry Wendelken,0.64,0.65,False,0.375,63,1779212100,1779214497
26MAY18PELMAN,Andrea Pellegrino,0.94,0.96,True,0.815,76,1779083220,1779094784
26MAY18PRAMCD,Juan Carlos Prado Angelo,0.83,0.84,True,0.63,118,1779113880,1779116882
26MAY18REIHEM,Joao Lucas Reis Da Silva,0.78,0.83,True,0.385,79,1779126960,1779128921
26MAY18SACPIN,Jack Pinnington Jones,0.8,0.85,False,0.47,68,1779118620,1779125212
26MAY18SAKMAR,Pedro Martinez,0.86,0.87,True,0.56,102,1779207120,1779207918
26MAY18SCHCOP,Tristan Schoolkate,0.64,0.65,True,0.29000000000000004,108,1779212700,1779216312
26MAY18SEYHSU,Thiago Seyboth Wild,0.92,0.93,True,0.765,83,1779207420,1779209437
26MAY18SHISAK,Sho Shimabukuro,0.73,0.75,False,0.275,119,1779097740,1779099541
26MAY18SMIGUI,Colton Smith,0.78,0.82,True,0.6,72,1779184680,1779187008
26MAY18WONHAR,Coleman Wong,0.76,0.8,True,0.595,70,1779175920,1779186650
26MAY18BRAWAW,Stan Wawrinka,0.77,0.79,True,0.66,92,1779120540,1779122788
26MAY17BRATAB,Raul Brancaccio,0.76,0.79,False,0.345,84,1779015960,1779017256
26MAY17FELBAS,Nishesh Basavareddy,0.82,0.83,True,0.49,113,1779009180,1779011887
26MAY17BUSGAS,Ignacio Buse,0.94,0.95,True,0.8374999999999999,109,1779013620,1779014891
26MAY17DUCBUT,Edas Butvilas,0.86,0.87,True,0.585,113,1778997900,1779011587
26MAY17HIJSQU,Henri Squire,0.73,0.75,False,0.485,114,1779011100,1779014886
26MAY17ATMETC,Tomas Martin Etcheverry,0.85,0.86,True,0.675,103,1779105300,1779110117
26MAY17AUGKOP,Felix Auger-Aliassime,0.96,0.97,True,0.675,87,1779192360,1779196053
26MAY17CERDE,Francisco Cerundolo,0.84,0.85,False,0.625,79,1779099120,1779101921
26MAY17DARBUR,Luciano Darderi,0.81,0.82,True,0.63,96,1779189360,1779192384
26MAY17DEDTIA,Frances Tiafoe,0.94,0.95,True,0.735,67,1779022440,1779024773
26MAY17ENGHUM,Ugo Humbert,0.88,0.89,True,0.775,111,1779198120,1779201369
26MAY17MAJUGO,Kamil Majchrzak,0.69,0.72,False,0.54,89,1779100500,1779101011
26MAY17PAUQUI,Tommy Paul,0.93,0.94,True,0.725,107,1779029100,1779031393
26MAY16BAEMIC,Alex Michelsen,0.76,0.78,True,0.345,119,1779093720,1779096781
26MAY16RINTIR,Arthur Rinderknech,0.93,0.94,True,0.395,100,1779100680,1779103100
26MAY16TRUNAV,Marco Trungelliti,0.6,0.61,False,0.14500000000000002,93,1779021780,1779025407
26MAY16BUSMCD,Ignacio Buse,0.97,0.99,True,0.915,110,1778929980,1778932330
26MAY16GIRNAG,Marcos Giron,0.93,0.94,True,0.7,66,1778931360,1778932674
26MAY16HIJDAN,Rinky Hijikata,0.86,0.87,True,0.62,88,1778926380,1778928752
26MAY16PETGEA,Arthur Gea,0.85,0.86,True,0.485,62,1778940360,1778942638
26MAY16BERCOM,Francisco Comesana,0.88,0.91,True,0.705,94,1778920920,1778929946
26MAY16DUCDAM,Miguel Damas,0.82,0.83,False,0.37,76,1778923260,1778925764
26MAY16GALBAS,Nishesh Basavareddy,0.9,0.92,True,0.4,61,1778940300,1778943779
26MAY16OFNFEL,Kilian Feldbausch,0.8,0.81,True,0.3725,79,1778925360,1778925761
26MAY16SVAREH,Max Hans Rehberg,0.9,0.91,True,0.445,97,1778943360,1778944343
26MAY15SINMED,Jannik Sinner,0.94,0.95,True,0.915,70,1778864340,1778868290
26MAY14SINRUB,Jannik Sinner,0.98,0.99,True,0.945,64,1778753100,1778759456
26MAY13RUUKHA,Casper Ruud,0.94,0.95,True,0.795,80,1778677200,1778679940
26MAY12TIRMED,Daniil Medvedev,0.92,0.93,True,0.565,99,1778615820,1778618721
26MAY12MEDLAN,Martin Landaluce,0.69,0.7,True,0.415,84,1778604900,1778607336
26MAY12SINPEL,Jannik Sinner,0.99,1.0,True,0.985,198,1778588940,1778594142
26MAY12DARZVE,Alexander Zverev,0.95,0.96,False,0.795,118,1778584080,1778590262
26MAY12JODTIE,Rafael Jodar,0.93,0.94,True,0.87,82,1778584200,1778584538
26MAY12KHAPRI,Karen Khachanov,0.68,0.74,True,0.41500000000000004,84,1778577900,1778580096
26MAY12MUSRUU,Casper Ruud,0.85,0.87,True,0.64,111,1778576280,1778579469
26MAY11BELLAN,Martin Landaluce,0.82,0.83,True,0.485,101,1778482140,1778494339
26MAY11COBTIR,Thiago Agustin Tirante,0.58,0.59,True,0.315,97,1778519040,1778521883
26MAY11NAVMED,Mariano Navone,0.75,0.76,False,0.455,60,1778503200,1778506560
26MAY11TIAPEL,Andrea Pellegrino,0.78,0.79,True,0.335,81,1778498820,1778503299
26MAY10RUBDAV,Andrey Rublev,0.9,0.92,True,0.615,111,1778480460,1778493369
26MAY10LLAMED,Pablo Llamas Ruiz,0.56,0.57,False,0.325,100,1778508780,1778515940
26MAY10ARNJOD,Rafael Jodar,0.88,0.89,True,0.765,81,1778437980,1778441499
26MAY10HUMPRI,Dino Prizmic,0.92,0.93,True,0.695,87,1778409180,1778413593
26MAY10KHAVAN,Botic Van de Zandschulp,0.74,0.76,False,0.425,95,1778418720,1778421745
26MAY10PAUDAR,Tommy Paul,0.86,0.88,False,0.555,92,1778427420,1778431948
26MAY10RUULEH,Casper Ruud,0.86,0.88,True,0.655,87,1778397120,1778406393
26MAY09TIABUS,Ignacio Buse,0.76,0.78,False,0.585,60,1778339880,1778347920
26MAY09MEDFON,Joao Fonseca,0.89,0.9,False,0.645,77,1778349360,1778352403
26MAY09AUGNAV,Mariano Navone,0.65,0.66,True,0.3625,61,1778328480,1778332019
26MAY08ALTZVE,Alexander Zverev,0.92,0.93,True,0.925,117,1778244120,1778252463
26MAY08GARDAV,Alejandro Davidovich Fokina,0.76,0.77,True,0.5625,114,1778329260,1778332386
26MAY08HUMKOP,Ugo Humbert,0.56,0.57,True,0.31,72,1778264700,1778266968
26MAY08PAUVUK,Tommy Paul,0.98,0.99,True,0.915,112,1778255700,1778258408
26MAY08MUSMPE,Lorenzo Musetti,0.93,0.95,True,0.885,89,1778273160,1778275591
26MAY08TABCER,Francisco Cerundolo,0.96,0.97,True,0.575,65,1778250240,1778252455
26MAY06PELNAR,Luca Nardi,0.56,0.57,False,0.415,91,1778178300,1778181029
26MAY06CARTAB,Alejandro Tabilo,0.92,0.93,True,0.695,108,1778085480,1778092152
26MAY06GARCER,Cristian Garin,0.79,0.82,True,0.585,79,1778163240,1778168261
26MAY06BASMER,Nikoloz Basilashvili,0.67,0.7,True,0.385,102,1778144940,1778147358
26MAY06FEAMPE,Giovanni Mpetshi Perricard,0.62,0.63,True,0.195,71,1778151420,1778153029
26MAY06QUILLA,Pablo Llamas Ruiz,0.8,0.82,True,0.6975,95,1778163180,1778163805
26MAY06ARNMUN,Matteo Arnaldi,0.61,0.62,True,0.565,86,1778075520,1778078674
26MAY06BAUMAE,Roberto Bautista Agut,0.84,0.87,True,0.605,106,1778159220,1778164094
26MAY06DZUMAN,Damir Dzumhur,0.94,0.95,True,0.745,96,1778059020,1778063064
26MAY06BROBAE,Sebastian Baez,0.88,0.89,True,0.775,78,1778059080,1778062182
26MAY06TIRCAD,Gianluca Cadenasso,0.66,0.67,False,0.305,116,1778169900,1778172364
26MAY06MEDROY,Hamad Medjedovic,0.97,0.98,True,0.875,85,1778177160,1778179055
26MAY06SHANAV,Mariano Navone,0.9,0.91,True,0.6575,91,1778178600,1778181029
26MAY06POPBER,Alexei Popyrin,0.66,0.69,True,0.345,61,1778145780,1778147639
26MAY06TRUSVA,Marco Trungelliti,0.92,0.93,False,0.725,70,1778064300,1778065550
26MAY06SONBUS,Ignacio Buse,0.83,0.85,True,0.58,110,1778175060,1778179270
26MAY06UGOSHE,Alexander Shevchenko,0.32,0.36,True,0.315,105,1778065560,1778071695
26MAY05HIJBAS,Nikoloz Basilashvili,0.9,0.91,True,0.625,111,1777989840,1777998489
26MAY05SVRBUD,Dalibor Svrcina,0.91,0.92,True,0.525,63,1777979160,1777982757
26MAY05KYPDRO,Patrick Kypson,0.58,0.6,True,0.3625,119,1777978200,1777982761
26MAY05DELDEJ,Hugo Dellien,0.61,0.63,False,0.44499999999999995,110,1777981500,1777983910
26MAY05MERBAR,Daniel Merida,0.82,0.83,True,0.675,90,1777960440,1777972410
26MAY04RIEGAU,Leandro Riedi,0.87,0.89,True,0.4,108,1777891500,1777892592
26MAY04GARECH,Cristian Garin,0.96,0.97,True,0.855,64,1777882740,1777884236
26MAY04VASBAR,Marcelo Tomas Barrios Vera,0.81,0.82,True,0.7424999999999999,87,1777884540,1777884453
26MAY04LANOCO,Martin Landaluce,0.89,0.9,True,0.6875,80,1777902120,1777903480
26MAY04VALFAR,Jaime Faria,0.56,0.57,True,0.275,69,1777907640,1777910031
26MAY04KYPPIN,Jack Pinnington Jones,0.58,0.59,False,0.30000000000000004,90,1777895940,1777897410
26MAY04MOLBAS,Elmer Moller,0.8,0.82,False,0.605,62,1777908240,1777911238
26MAY04LAJCHO,Jan Choinski,0.57,0.58,True,0.33499999999999996,101,1777890660,1777893439
26MAY04MERMCD,Daniel Merida,0.95,0.98,True,0.815,111,1777874520,1777885449
26MAY04TRAWAW,Stefano Travaglia,0.76,0.78,False,0.54,77,1777889040,1777891363
26MAY04BUDVIR,Otto Virtanen,0.63,0.65,False,0.525,107,1777900500,1777900453
26MAY04HIJBAS,Pierluigi Basile,0.54,0.55,False,0.1925,79,1777912380,1777914821
26MAY04PELGAS,Andrea Pellegrino,0.85,0.86,True,0.48,68,1777893780,1777898032
26MAY04COMHAR,Francisco Comesana,0.94,0.95,True,0.8274999999999999,83,1777882920,1777887337
26MAY04PRIROD,Dino Prizmic,0.95,0.96,True,0.85,119,1777902780,1777904941
26MAY01BLOZVE,Alexander Zverev,0.95,0.96,True,0.785,92,1777658580,1777661728
26APR30RUUBLO,Alexander Blockx,0.67,0.7,True,0.28,65,1777547700,1777551055
26APR29SINJOD,Jannik Sinner,0.93,0.94,True,0.845,82,1777469880,1777474898
26APR29FILLEH,Arthur Fils,0.79,0.8,True,0.615,63,1777492260,1777495257
26APR28MEDCOB,Flavio Cobolli,0.69,0.7,True,0.4925,60,1777403160,1777407060
26APR28TSIRUU,Stefanos Tsitsipas,0.68,0.69,False,0.295,94,1777379400,1777383086
26APR28KOPJOD,Rafael Jodar,0.9,0.91,True,0.825,92,1777385760,1777388488
26APR28ETCFIL,Arthur Fils,0.86,0.87,True,0.74,76,1777357680,1777369544
26APR28LEHMUS,Jiri Lehecka,0.75,0.76,True,0.395,107,1777374240,1777376473
26APR27MEDBUD,Daniil Medvedev,0.81,0.83,True,0.755,91,1777297380,1777299689
26APR27ATMZVE,Alexander Zverev,0.95,0.96,True,0.855,75,1777312380,1777315545
26APR26CERDAR,Francisco Cerundolo,0.91,0.92,True,0.675,81,1777295520,1777297899
26APR26DAVRUU,Casper Ruud,0.95,0.96,True,0.71,61,1777270860,1777284359
26APR26KHAMEN,Jakub Mensik,0.84,0.85,True,0.625,79,1777312800,1777320101
26APR26FILNAV,Arthur Fils,0.93,0.94,True,0.82,96,1777216140,1777218144
26APR26PRIETC,Dino Prizmic,0.7,0.71,False,0.47,111,1777205580,1777208169
26APR26GRIMUS,Lorenzo Musetti,0.91,0.93,True,0.815,97,1777204560,1777206983
26APR26FONJOD,Rafael Jodar,0.59,0.6,True,0.545,97,1777228560,1777240283
26APR26SINMOL,Jannik Sinner,0.98,1.0,True,0.975,72,1777210560,1777215108
26APR25CERDAR,Luciano Darderi,0.93,0.94,True,0.615,64,1777115880,1777117916
26APR25KHAWAL,Karen Khachanov,0.92,0.93,True,0.795,61,1777102020,1777111379
26APR24MOLDIA,Elmer Moller,0.72,0.77,True,0.425,117,1777028220,1777031823
26APR24GRIDZU,Tallon Griekspoor,0.79,0.82,True,0.635,108,1777021980,1777024092
26APR24JODDE,Rafael Jodar,0.72,0.75,True,0.46499999999999997,75,1777052580,1777056705
26APR24NAVVAC,Valentin Vacherot,0.86,0.88,False,0.75,117,1777018380,1777026183
26APR24SHEPRI,Dino Prizmic,0.69,0.7,True,0.3925,109,1777031880,1777032791
26APR24NORMAC,Cameron Norrie,0.71,0.72,True,0.44,68,1777045920,1777051372
26APR24TIRPAU,Thiago Agustin Tirante,0.62,0.63,True,0.335,87,1777059300,1777060293
26APR24FILBUS,Ignacio Buse,0.41,0.42,False,0.155,103,1777036740,1777039937
26APR24BUBTSI,Stefanos Tsitsipas,0.83,0.84,True,0.355,106,1777146420,1777149134
26APR24GAUAUG,Felix Auger-Aliassime,0.93,0.94,True,0.78,114,1777113360,1777125786
26APR24DAMMEN,Jakub Mensik,0.89,0.9,True,0.745,93,1777115760,1777117947
26APR24MEDMAR,Daniil Medvedev,0.85,0.86,True,0.595,109,1777136820,1777138931
26APR24NAKBLO,Brandon Nakashima,0.65,0.66,False,0.41000000000000003,99,1777120560,1777122741
26APR24HUMATM,Terence Atmane,0.81,0.82,True,0.585,101,1777121280,1777126039
26APR22KYPTSI,Patrick Kypson,0.57,0.6,False,0.275,109,1776950460,1776952331
26APR22TRUMER,Daniel Merida,0.63,0.65,True,0.595,88,1776960840,1776963752
26APR22MOLCIN,Elmer Moller,0.87,0.89,True,0.615,65,1776868380,1776871735
26APR22SONLAJ,Dusan Lajovic,0.78,0.79,True,0.555,106,1776861900,1776864134
26APR22ATMKEC,Terence Atmane,0.75,0.76,True,0.46499999999999997,91,1776923640,1776937589
26APR22BAUTIR,Thiago Agustin Tirante,0.88,0.9,True,0.665,91,1776865140,1776867809
26APR22BUSMAN,Ignacio Buse,0.93,0.95,True,0.85,87,1776853980,1776857073
26APR22BORNAV,Mariano Navone,0.87,0.9,True,0.65,71,1776944580,1776947569
26APR22BRONAV,Emilio Nava,0.87,0.89,True,0.645,66,1776842580,1776851574
26APR22LANWAL,Adam Walton,0.52,0.53,True,0.195,91,1776963180,1776965789
26APR22JODDEJ,Jesper De Jong,0.53,0.55,False,0.27749999999999997,101,1776881520,1776882379
26APR22MARQUI,Fabian Marozsan,0.81,0.83,True,0.55,80,1776941280,1776944500
26APR22ZHAKOP,Vit Kopriva,0.83,0.84,True,0.45,73,1776846480,1776851207
26APR22CARFUC,Marton Fucsovics,0.61,0.63,False,0.495,106,1776934860,1776938534
26APR22TABROY,Alejandro Tabilo,0.93,0.95,True,0.735,73,1776883020,1776885107
26APR21PRIPIR,Dino Prizmic,0.86,0.9,True,0.635,80,1776787140,1776792160
26APR21KYPBAS,Patrick Kypson,0.77,0.78,False,0.505,88,1776781620,1776784652
26APR21VALROC,Adolfo Daniel Vallejo,0.96,0.97,True,0.685,111,1776782700,1776784449
26APR21FARHAR,Lloyd Harris,0.34,0.42,False,0.595,60,1776777240,1776778680
26APR21LLAMOL,Elmer Moller,0.48,0.49,True,0.275,62,1776753360,1776766678
26APR21GARDAM,Cristian Garin,0.88,0.89,False,0.705,108,1776761460,1776764292
26APR21SAKGAU,Vilius Gaubas,0.66,0.68,True,0.46499999999999997,77,1776763320,1776767623
26APR20BUDMAE,Nicolai Budkov Kjaer,0.8,0.81,True,0.625,60,1776707280,1776709560
26APR20MOLGAS,Elmer Moller,0.76,0.79,True,0.345,91,1776679260,1776681209
26APR20YIBDHA,Yibing Wu,0.95,0.96,True,0.855,64,1776679140,1776680516
26APR20TRUGOJ,Marco Trungelliti,0.82,0.87,True,0.4725,103,1776684600,1776687737
26APR20PELDAM,Martin Damm Jr,0.86,0.88,True,0.495,69,1776672360,1776674271
26APR20GEAGAU,Vilius Gaubas,0.8,0.85,True,0.575,78,1776666000,1776675162
26APR20VUKLLA,Pablo Llamas Ruiz,0.91,0.93,True,0.795,93,1776680700,1776683187
26APR20KOVECH,Aleksandar Kovacevic,0.74,0.75,False,0.625,116,1776693600,1776697324
26APR20PIRBAR,Zsombor Piros,0.84,0.85,True,0.675,85,1776709500,1776710495
26APR20HIJROD,Chris Rodesch,0.73,0.74,True,0.45999999999999996,105,1776696360,1776698775
26APR20KYPKOU,Patrick Kypson,0.86,0.87,True,0.55,79,1776707580,1776709901
26APR20BLABON,Benjamin Bonzi,0.8,0.83,True,0.6,114,1776691080,1776692526
26APR20VIRDRO,Otto Virtanen,0.7,0.71,False,0.415,116,1776678660,1776679924
26APR20HARMCD,Lloyd Harris,0.88,0.89,True,0.625,112,1776684420,1776687128
26APR19RUBFIL,Arthur Fils,0.87,0.88,True,0.705,109,1776607560,1776609911
26APR18JODFIL,Rafael Jodar,0.67,0.69,False,0.405,96,1776522180,1776524484
26APR18ZVECOB,Flavio Cobolli,0.61,0.66,True,0.175,117,1776513180,1776514863
26APR18RUBMED,Hamad Medjedovic,0.62,0.63,False,0.37,74,1776513060,1776516046
26APR17FILMUS,Arthur Fils,0.73,0.75,True,0.51,60,1776428760,1776437460
26APR17SHAMOL,Alex Molcan,0.89,0.91,True,0.445,110,1776439920,1776443110
26APR17ZVECER,Francisco Cerundolo,0.48,0.5,False,0.29000000000000004,98,1776419700,1776427282
26APR17MACRUB,Andrey Rublev,0.74,0.76,True,0.56,100,1776423600,1776427280
26APR17NORJOD,Rafael Jodar,0.86,0.87,True,0.725,73,1776440160,1776443507
26APR16FONSHE,Ben Shelton,0.73,0.74,True,0.345,119,1776430800,1776435661
26APR16SHAMAR,Denis Shapovalov,0.84,0.85,True,0.475,115,1776349140,1776352865
26APR15FILNAK,Arthur Fils,0.91,0.93,True,0.765,84,1776361500,1776363336
26APR15COBBER,Flavio Cobolli,0.87,0.88,True,0.575,82,1776261300,1776262898
26APR15ALTMOL,Alex Molcan,0.7,0.72,True,0.455,101,1776334800,1776338479
26APR15JODUGO,Rafael Jodar,0.9,0.92,True,0.805,79,1776262740,1776264701
26APR15KOPDAR,Luciano Darderi,0.93,0.95,False,0.73,62,1776266280,1776268558
26APR15ZVEDIA,Alexander Zverev,0.99,1.0,True,0.91,79,1776343260,1776345701
26APR15MOUMUS,Lorenzo Musetti,0.95,0.96,True,0.785,83,1776348720,1776351697
26APR15NORQUI,Cameron Norrie,0.74,0.75,True,0.63,82,1776265860,1776271898
26APR15VANCER,Francisco Cerundolo,0.9,0.92,True,0.745,94,1776330840,1776333146
26APR14COBDED,Flavio Cobolli,0.9,0.93,True,0.795,119,1776166320,1776168721
26APR13DEOFN,Alex de Minaur,0.89,0.91,True,0.83,67,1776159120,1776161513
26APR13ALCVIR,Carlos Alcaraz,0.96,0.97,True,0.975,118,1776176460,1776179282
26APR13NAKCER,Brandon Nakashima,0.86,0.87,True,0.4375,96,1776183540,1776184344
26APR13MARSON,Lorenzo Sonego,0.67,0.72,True,0.365,77,1776157920,1776160603
26APR13DIASAC,Gabriel Diallo,0.97,0.98,True,0.6,68,1776079620,1776081772
26APR12OFNKYP,Sebastian Ofner,0.94,0.95,True,0.6725000000000001,95,1775994720,1775997445
26APR12TRUMAR,Marco Trungelliti,0.79,0.83,False,0.5,109,1775994420,1775998631
26APR12DEDNAG,Sumit Nagal,0.61,0.64,False,0.4025,116,1775993940,1775997184
26APR12ALCSIN,Jannik Sinner,0.79,0.8,True,0.525,81,1775999640,1776004599
26APR12VIRMUL,Otto Virtanen,0.85,0.86,True,0.295,99,1775989680,1775991801
26APR12ETCDRA,Jack Draper,0.67,0.68,False,0.56,87,1776079020,1776081813
26APR12NORWAW,Cameron Norrie,0.89,0.9,True,0.765,62,1776088740,1776092638
26APR12UGOKHA,Camilo Ugo Carabelli,0.7,0.73,True,0.405,65,1776169020,1776171115
26APR12MACBAE,Sebastian Baez,0.8,0.81,False,0.41000000000000003,109,1776173820,1776175991
26APR12MUNJOD,Rafael Jodar,0.96,0.98,True,0.675,109,1776091440,1776102131
26APR12QUIMER,Ethan Quinn,0.62,0.64,True,0.4425,68,1775990880,1775991772
26APR12ZVEKEC,Alexander Zverev,0.98,0.99,True,0.865,96,1776164760,1776166944
26APR12RINMIC,Arthur Rinderknech,0.86,0.89,True,0.585,77,1776071760,1776075223
26APR12GRISHA,Denis Shapovalov,0.69,0.78,True,0.505,90,1776148980,1776160350
26APR12ZHADAR,Luciano Darderi,0.92,0.94,True,0.745,62,1776154980,1776160978
26APR11GIUNAG,Lorenzo Giustino,0.7,0.72,False,0.555,93,1775914380,1775915007
26APR12CILALT,Daniel Altmaier,0.83,0.84,True,0.4325,75,1776173220,1776174705
26APR12MARTSI,Stefanos Tsitsipas,0.84,0.85,False,0.5925,106,1776180120,1776182174
26APR11MARCAR,Pedro Martinez,0.46,0.47,True,0.345,112,1775915280,1775918288
26APR11QUIBAS,Nikoloz Basilashvili,0.71,0.72,False,0.3775,105,1775897460,1775899035
26APR11TRUBUD,Marco Trungelliti,0.84,0.86,True,0.5974999999999999,93,1775905860,1775908647
26APR11CERZEP,Juan Manuel Cerundolo,0.95,0.97,True,0.805,109,1775909400,1775911091
26APR11VUKVIR,Otto Virtanen,0.87,0.88,True,0.675,105,1775896860,1775899035
26APR11OFNSAN,Sebastian Ofner,0.97,0.99,True,0.7575000000000001,83,1775913900,1775915017
26APR11GEAKYP,Patrick Kypson,0.93,0.94,True,0.4175,68,1775918940,1775920432
26APR11ALCVAC,Carlos Alcaraz,0.96,0.97,True,0.925,90,1775914860,1775917410
26APR11CARMOL,Roberto Carballes Baena,0.7,0.71,False,0.4275,87,1775914560,1775916813
26APR11REHFER,Max Hans Rehberg,0.68,0.71,True,0.5075000000000001,97,1775908260,1775909003
26APR11NAVGOF,Emilio Nava,0.82,0.85,True,0.685,113,1775915700,1775918287
26APR11CHOHUE,Marc-Andrea Huesler,0.64,0.72,True,0.42,101,1775898720,1775901199
26APR11TOPBLA,Marko ToPo,0.72,0.75,True,0.46499999999999997,66,1775890140,1775902914
26APR11SHEDED,Diego Dedura-Palomero,0.81,0.82,True,0.3075,69,1775909220,1775912031
26APR10VACDE,Valentin Vacherot,0.72,0.73,True,0.345,71,1775835600,1775838109
26APR10AUGSIN,Jannik Sinner,0.95,0.97,True,0.905,68,1775815620,1775826052
26APR10FONZVE,Alexander Zverev,0.93,0.94,True,0.63,82,1775803620,1775815838
26APR09VACHUR,Hubert Hurkacz,0.62,0.63,False,0.405,101,1775752200,1775756419
26APR09BLODE,Alex de Minaur,0.83,0.84,True,0.765,112,1775744220,1775748308
26APR09ALCETC,Carlos Alcaraz,0.99,1.0,True,0.955,64,1775741940,1775743856
26APR09AUGRUU,Felix Auger-Aliassime,0.72,0.75,True,0.3825,117,1775731620,1775736063
26APR09LEHBUB,Alexander Bublik,0.73,0.74,True,0.455,72,1775739060,1775741448
26APR08MARHUR,Hubert Hurkacz,0.81,0.82,True,0.48,104,1775666940,1775668276
26APR07DZUMAR,Fabian Marozsan,0.91,0.95,True,0.705,105,1775561280,1775563335
26APR08FONRIN,Joao Fonseca,0.84,0.86,True,0.775,99,1775645400,1775648721
26APR07COBBLO,Alexander Blockx,0.63,0.64,True,0.365,93,1775663100,1775665527
26APR07GARZVE,Cristian Garin,0.48,0.49,False,0.12,90,1775644080,1775647290
26APR07ALCBAE,Carlos Alcaraz,0.99,1.0,True,0.955,113,1775561400,1775564167
26APR07RUBBER,Zizou Bergs,0.79,0.8,True,0.2425,82,1775640900,1775642498
26APR07MONBUB,Alexander Bublik,0.83,0.85,True,0.655,73,1775563980,1775569907
26APR06LEHNAV,Jiri Lehecka,0.89,0.9,True,0.795,115,1775473920,1775477585
26APR06VACCER,Juan Manuel Cerundolo,0.48,0.49,False,0.2,66,1775490960,1775493714
26APR06NORDE,Alex de Minaur,0.75,0.76,True,0.64,87,1775576040,1775577093
26APR05DZUBLO,Alexander Blockx,0.82,0.85,True,0.31000000000000005,70,1775389980,1775391710
26APR05NAVMER,Mariano Navone,0.9,0.91,True,0.725,71,1775387400,1775389309
26APR05GOFNAV,Emilio Nava,0.85,0.86,True,0.625,96,1775368020,1775382144
26APR05CERMAR,Juan Manuel Cerundolo,0.86,0.87,True,0.575,63,1775378880,1775382777
26APR05ALTMAC,Tomas Machac,0.77,0.79,True,0.745,111,1775485080,1775485929
26APR05POPRUU,Casper Ruud,0.87,0.88,True,0.755,69,1775566320,1775569311
26APR05ETCDIM,Tomas Martin Etcheverry,0.81,0.82,True,0.62,67,1775548200,1775555513
26APR05RUBBOR,Andrey Rublev,0.87,0.88,True,0.805,113,1775467080,1775469727
26APR05NORKEC,Cameron Norrie,0.73,0.76,True,0.59,100,1775380980,1775391980
26APR05HURDAR,Hubert Hurkacz,0.6,0.61,True,0.29000000000000004,97,1775553540,1775556143
26APR05BAEWAW,Sebastian Baez,0.87,0.9,True,0.7,72,1775474280,1775476968
26APR05KOUHUM,Ugo Humbert,0.9,0.91,True,0.775,67,1775408940,1775413073
26APR05RINKHA,Arthur Rinderknech,0.64,0.65,True,0.32,75,1775456760,1775470005
26APR04TIRBUR,Roman Andres Burruchaga,0.84,0.85,True,0.505,111,1775316180,1775320989
26APR04MARMER,Fabian Marozsan,0.92,0.94,False,0.71,98,1775311920,1775315602
26APR04BUSGOF,Ignacio Buse,0.89,0.9,False,0.795,61,1775300820,1775303639
26APR04STRBAS,Nikoloz Basilashvili,0.75,0.77,True,0.405,87,1775296380,1775303613
26APR04QUIVIR,Otto Virtanen,0.72,0.74,False,0.345,85,1775306700,1775308655
26APR04BONBAU,Roberto Bautista Agut,0.64,0.75,True,0.48,61,1775299980,1775303639
26APR04MARVUK,Pedro Martinez,0.82,0.84,True,0.7224999999999999,75,1775294280,1775297085
26APR04NAVHAL,Emilio Nava,0.88,0.89,True,0.5475000000000001,116,1775293920,1775297284
26APR04JODUGO,Rafael Jodar,0.9,0.91,True,0.67,102,1775313660,1775315598
26APR04NAVVAN,Botic Van de Zandschulp,0.72,0.73,False,0.63,88,1775299980,1775301212
26APR03DROMER,Titouan Droguet,0.79,0.82,False,0.595,104,1775232840,1775234476
26APR03UGOVAN,Luca Van Assche,0.78,0.79,False,0.4,85,1775226240,1775228495
26APR03DZUVAN,Botic Van de Zandschulp,0.83,0.84,True,0.825,97,1775218800,1775219483
26APR02BURNAK,Roman Andres Burruchaga,0.64,0.65,True,0.415,69,1775157840,1775160111
26APR02TIEBAS,Learner Tien,0.91,0.93,True,0.775,70,1775164860,1775168510
26APR02MICPOP,Alexei Popyrin,0.8,0.81,True,0.375,111,1775185380,1775186769
26APR02MOUTRU,Corentin Moutet,0.84,0.86,False,0.685,77,1775207940,1775214103
26APR02KOPMUL,Alexandre Muller,0.73,0.76,True,0.435,61,1775124900,1775127359
26APR02BUSUGO,Camilo Ugo Carabelli,0.73,0.74,True,0.455,73,1775140440,1775143307
26APR02VANGRI,Luca Van Assche,0.81,0.82,True,0.415,102,1775140260,1775153178
26APR02ALTPRI,Dino Prizmic,0.82,0.84,False,0.62,71,1775208600,1775214109
26APR02SAKMAR,Fabian Marozsan,0.82,0.83,True,0.7,83,1775200080,1775212297
26APR01ETCBOL,Alex Bolt,0.36,0.38,False,0.095,100,1775070660,1775074580
26APR01VALPAU,Adolfo Daniel Vallejo,0.44,0.48,False,0.22,61,1775092080,1775095919
26APR01DIAMOL,Alex Molcan,0.8,0.81,True,0.4325,83,1775052840,1775055817
26APR01SHEZHA,Ben Shelton,0.85,0.86,True,0.725,109,1775083980,1775088731
26APR01TRUMAJ,Marco Trungelliti,0.7,0.71,True,0.40750000000000003,72,1775041740,1775042508
26APR01DARBEL,Luciano Darderi,0.95,0.96,True,0.81,94,1775050620,1775053586
26MAR31VIRMER,Daniel Merida,0.8,0.82,True,0.675,87,1774972740,1774975593
26APR01SHEVAN,Botic Van de Zandschulp,0.82,0.84,True,0.625,64,1775036760,1775039516
26APR01MOLNAV,Mariano Navone,0.95,0.96,True,0.895,112,1775040660,1775040728
26APR01BENHAN,Yannick Hanfmann,0.94,0.96,True,0.915,114,1775047380,1775059386
26MAR31BASDRA,Nishesh Basavareddy,0.68,0.69,True,0.4975,62,1774982940,1774985518
26MAR31SKAUGO,Timofey Skatov,0.55,0.6,False,0.275,94,1774970040,1774973186
26MAR31MOUBAA,Corentin Moutet,0.99,1.0,True,0.97,103,1775047140,1775047937
26MAR30SAKKUZ,Stefanos Sakellaridis,0.87,0.89,True,0.8,76,1774952040,1774955204
26MAR30BASROD,Nikoloz Basilashvili,0.56,0.64,True,0.62,74,1774874160,1774876006
26MAR30ROCBUD,Henrique Rocha,0.93,0.94,True,0.545,69,1774869360,1774873011
26MAR29BOLAND,Alex Bolt,0.68,0.69,True,0.375,73,1774809780,1774811867
26MAR29GOMTAB,Clement Tabur,0.9,0.91,False,0.575,116,1774799040,1774802284
26MAR29IVABUD,Nicolai Budkov Kjaer,0.96,0.98,True,0.755,73,1774784580,1774787027
26MAR29TRUBAR,Marco Trungelliti,0.75,0.77,True,0.645,98,1774791300,1774793602
26MAR29LALECH,Moez Echargui,0.9,0.93,True,0.795,107,1774786260,1774787893
26MAR29HERHAR,Lloyd Harris,0.72,0.73,True,0.5075000000000001,116,1774781040,1774782244
26MAR29JAMSAK,Rei Sakamoto,0.98,0.99,True,0.98,84,1774792560,1774796016
26MAR29MERPUR,Daniel Merida,0.98,1.0,True,0.965,87,1774869120,1774869453
26MAR29GHECLA,Jay Clarke,0.92,0.93,True,0.835,110,1774862580,1774866190
26MAR29BASMIC,Nikoloz Basilashvili,0.87,0.89,True,0.675,105,1774849980,1774858095
26MAR29DAMNAK,Brandon Nakashima,0.9,0.91,True,0.745,96,1774991700,1774995984
26MAR29KOPMED,Hamad Medjedovic,0.69,0.75,False,0.595,79,1775038260,1775042201
26MAR29OCONAV,Mariano Navone,0.89,0.92,True,0.9,62,1774948140,1774947778
26MAR29CERMAJ,Kamil Majchrzak,0.68,0.69,True,0.51,94,1774951980,1774956146
26MAR29POPKYP,Patrick Kypson,0.61,0.62,False,0.605,64,1775008140,1775008316
26MAR29VANGAS,Luca Van Assche,0.72,0.73,True,0.565,74,1774979160,1774983406
26MAR29VUKBAA,Taha Baadi,0.36,0.38,True,0.0925,93,1774874640,1774876347
26MAR29SMITIR,Thiago Agustin Tirante,0.95,0.96,True,0.66,83,1774918620,1774920157
26MAR29VALSVA,Adolfo Daniel Vallejo,0.9,0.94,True,0.61,99,1774897800,1774899741
26MAR29SHETUR,Alexander Shevchenko,0.98,1.0,True,0.975,93,1774946640,1774946547
26MAR29DZUJIA,Damir Dzumhur,0.88,0.89,True,0.6525000000000001,116,1774963980,1774966324
26MAR28DEBGAL,Alexis Galarneau,0.87,0.91,True,0.565,65,1774726800,1774730695
26MAR28GOMMAR,Federico Agustin Gomez,0.95,0.96,True,0.8625,101,1774723620,1774723459
26MAR28GALTAB,Clement Tabur,0.85,0.86,True,0.775,89,1774716900,1774716511
26MAR28DRAKRU,Liam Draxl,0.86,0.88,True,0.6425000000000001,110,1774722600,1774724350
26MAR28DOSAND,Andres Andrade,0.9,0.91,True,0.5549999999999999,83,1774733220,1774734877
26MAR27LEHFIL,Jiri Lehecka,0.68,0.69,True,0.405,81,1774639020,1774641099
26MAR25TIASIN,Jannik Sinner,0.98,0.99,True,0.935,66,1774544160,1774547454
26MAR25LANLEH,Jiri Lehecka,0.88,0.89,True,0.725,116,1774467120,1774472104
26MAR24HALZVE,Alexander Zverev,0.92,0.94,True,0.875,74,1774404720,1774407646
26MAR24ATMTIA,Frances Tiafoe,0.86,0.87,True,0.6775,107,1774389540,1774392313
26MAR24HUMCER,Francisco Cerundolo,0.83,0.84,True,0.48,74,1774397580,1774401046
26MAR24LEHFRI,Jiri Lehecka,0.58,0.59,True,0.355,105,1774368780,1774371315
26MAR24KORLAN,Sebastian Korda,0.94,0.95,False,0.785,119,1774363200,1774367461
26MAR24VACFIL,Arthur Fils,0.87,0.88,True,0.735,117,1774376280,1774378263
26MAR24ETCPAU,Tommy Paul,0.92,0.93,True,0.73,64,1774377900,1774386656
26MAR23CERMED,Francisco Cerundolo,0.64,0.67,True,0.28500000000000003,86,1774283100,1774284094
26MAR23SHEHUM,Ugo Humbert,0.93,0.94,True,0.785,99,1774278360,1774281081
26MAR22MOUSIN,Jannik Sinner,0.98,1.0,True,0.965,99,1774307280,1774310481
26MAR22JODETC,Tomas Martin Etcheverry,0.58,0.62,True,0.44,103,1774194420,1774206137
26MAR22LANKHA,Martin Landaluce,0.65,0.66,True,0.275,86,1774219680,1774221934
26MAR22FILTSI,Arthur Fils,0.89,0.9,True,0.595,88,1774221360,1774229132
26MAR22OPEFRI,Taylor Fritz,0.88,0.89,True,0.675,75,1774201380,1774203105
26MAR21SHESHE2,Ben Shelton,0.93,0.95,False,0.885,95,1774134960,1774137985
26MAR21TIACAZ,Frances Tiafoe,0.87,0.89,True,0.695,68,1774128060,1774140112
26MAR21WALMEN,Adam Walton,0.66,0.67,False,0.2525,114,1774128600,1774130766
26MAR21CERTIR,Francisco Cerundolo,0.97,0.98,True,0.725,70,1774134240,1774137110
26MAR21SAKMED,Rei Sakamoto,0.31,0.32,False,0.0925,66,1774120080,1774122714
26MAR21MICNOR,Alex Michelsen,0.88,0.91,True,0.61,112,1774123740,1774126928
26MAR21DAVHAL,Quentin Halys,0.58,0.6,True,0.295,99,1774105980,1774110141
26MAR20MAJTIE,Kamil Majchrzak,0.6,0.61,True,0.235,115,1774106280,1774107845
26MAR20RUBTAB,Andrey Rublev,0.88,0.91,False,0.625,108,1774126680,1774128132
26MAR20MOUMAC,Corentin Moutet,0.72,0.77,True,0.3875,82,1774117440,1774118798
26MAR20DZUSIN,Jannik Sinner,0.98,1.0,True,0.985,80,1774113420,1774115800
26MAR20NAKCIL,Brandon Nakashima,0.7,0.71,False,0.585,118,1774139700,1774141322
26MAR20DAMZVE,Alexander Zverev,0.99,1.0,True,0.915,67,1774142580,1774144913
26MAR20DRAOPE,Reilly Opelka,0.55,0.58,True,0.235,72,1774028220,1774042368
26MAR20BUBBER,Matteo Berrettini,0.66,0.67,True,0.395,72,1774045620,1774048968
26MAR20PAUMAN,Tommy Paul,0.94,0.96,True,0.81,72,1774037820,1774039008
26MAR20BERETC,Tomas Martin Etcheverry,0.73,0.74,True,0.445,65,1774104420,1774110415
26MAR20KOULEH,Jiri Lehecka,0.93,0.96,True,0.84,77,1774057320,1774058803
26MAR20BAUKHA,Karen Khachanov,0.92,0.93,True,0.755,86,1774046400,1774048354
26MAR20NAVVAC,Valentin Vacherot,0.88,0.89,True,0.6799999999999999,111,1774058940,1774060929
26MAR18WALBAE,Adam Walton,0.83,0.86,True,0.435,110,1774042620,1774044790
26MAR18MICBEL,Alex Michelsen,0.88,0.89,True,0.685,96,1773959580,1773972264
26MAR18BASNAV,Mariano Navone,0.74,0.75,True,0.4275,115,1773930540,1773933425
26MAR18TSIFER,Stefanos Tsitsipas,0.88,0.89,True,0.725,60,1773946920,1773949020
26MAR18HALDRA,Liam Draxl,0.62,0.64,False,0.175,101,1773962160,1773964399
26MAR18JODHAN,Rafael Jodar,0.83,0.84,True,0.575,91,1773929640,1773931949
26MAR18OCOFUC,Marton Fucsovics,0.96,0.97,True,0.635,61,1774036140,1774038839
26MAR18GIRLAN,Martin Landaluce,0.69,0.7,True,0.355,91,1773938220,1773942749
26MAR17VUKBAR,Marcelo Tomas Barrios Vera,0.81,0.83,True,0.4825,118,1773785400,1773786362
26MAR17SVAMER,Zachary Svajda,0.94,0.95,True,0.7575000000000001,107,1773785640,1773786373
26MAR17BELCAS,Murphy Cassone,0.55,0.56,False,0.2225,66,1773783300,1773784974
26MAR17TIRLAN,Thiago Agustin Tirante,0.86,0.89,False,0.675,75,1773790680,1773790905
26MAR17WALHIJ,Adam Walton,0.78,0.81,True,0.45,64,1773781500,1773783476
26MAR17JODBON,Rafael Jodar,0.88,0.89,True,0.56,98,1773778860,1773780982
26MAR17DRACLA,Liam Draxl,0.84,0.85,True,0.7,68,1773777720,1773780772
26MAR17BASSHI,Nikoloz Basilashvili,0.84,0.88,True,0.45499999999999996,85,1773770400,1773777155
26MAR17HANVAN,Yannick Hanfmann,0.69,0.72,True,0.575,112,1773759600,1773762788
26MAR17DUCBAU,Roberto Bautista Agut,0.75,0.76,True,0.545,102,1773930780,1773933198
26MAR17KOVSAK,Rei Sakamoto,0.44,0.45,True,0.325,60,1774027140,1774032180
26MAR17QUIHUR,Ethan Quinn,0.71,0.72,True,0.435,71,1773939360,1773942169
26MAR17COLDIM,Raphael Collignon,0.73,0.74,True,0.395,104,1773948720,1773952456
26MAR17BLASTR,Darwin Blanch,0.34,0.38,True,0.375,118,1773934320,1773942182
26MAR17OPEBOR,Nuno Borges,0.45,0.46,False,0.4475,66,1773945360,1773948174
26MAR16CASMAE,Murphy Cassone,0.9,0.91,True,0.44,80,1773710040,1773710860
26MAR16BLOTSE,Alexander Blockx,0.97,0.99,True,0.75,104,1773694620,1773697996
26MAR16BELJAR,Mattia Bellucci,0.91,0.95,True,0.8,67,1773713340,1773713573
26MAR16BUSECH,Ignacio Buse,0.87,0.88,True,0.74,73,1773682920,1773685007
26MAR16GARDRA,Cristian Garin,0.79,0.8,False,0.53,115,1773691800,1773694685
26MAR16MEJOCO,Christopher O'Connell,0.9,0.91,True,0.7475,107,1773686340,1773690733
26MAR16MERSVR,Dalibor Svrcina,0.82,0.84,False,0.625,72,1773705000,1773707628
26MAR16WILVAN,Luca Van Assche,0.97,0.98,True,0.905,86,1773682140,1773682894
26MAR16YUNSCH,Yunchaokete Bu,0.74,0.75,True,0.415,112,1773669480,1773673568
26MAR16SVASMI,Colton Smith,0.42,0.46,False,0.265,80,1773713700,1773715660
26MAR16SWEHIJ,Rinky Hijikata,0.93,0.94,True,0.745,68,1773706620,1773708772
26MAR16HANRIE,Yannick Hanfmann,0.91,0.92,True,0.645,103,1773683340,1773685937
26MAR14ALCMED,Daniil Medvedev,0.47,0.48,True,0.175,88,1773526860,1773529832
26MAR12ALCNOR,Carlos Alcaraz,0.97,0.99,True,0.935,82,1773367320,1773370238
26MAR10ALCRUU,Carlos Alcaraz,0.98,0.99,True,0.915,106,1773263580,1773269474
26MAR10HIJNOR,Cameron Norrie,0.81,0.82,True,0.735,108,1773248460,1773255312
26MAR10TIAZVE,Alexander Zverev,0.89,0.9,True,0.725,97,1773173040,1773176483
26MAR09MEDBAE,Daniil Medvedev,0.93,0.94,True,0.84,103,1773104520,1773116477
26MAR09NORDE,Cameron Norrie,0.6,0.61,True,0.19,95,1773080640,1773083485
26MAR09BUBHIJ,Alexander Bublik,0.89,0.9,False,0.815,103,1773087420,1773090677
26MAR09MICFRI,Alex Michelsen,0.59,0.6,True,0.295,92,1773094680,1773096688
26MAR09ALCRIN,Arthur Rinderknech,0.42,0.44,False,0.035,110,1773107400,1773111370
26MAR08DIAAUG,Gabriel Diallo,0.44,0.45,False,0.20500000000000002,68,1773020640,1773022912
26MAR08VACRUU,Valentin Vacherot,0.7,0.74,False,0.42000000000000004,113,1773098760,1773099727
26MAR08CERDRA,Jack Draper,0.76,0.8,True,0.625,85,1773085080,1773090155
26MAR08NAKZVE,Alexander Zverev,0.88,0.89,True,0.775,91,1772991180,1772997509
26MAR08COBTIA,Frances Tiafoe,0.81,0.82,True,0.565,60,1773018540,1773020520
26MAR08SHETIE,Learner Tien,0.76,0.77,True,0.425,87,1773001260,1773005253
26MAR07BAUDRA,Roberto Bautista Agut,0.2,0.22,False,0.14500000000000002,118,1772912100,1772914742
26MAR07NORMCD,Cameron Norrie,0.88,0.9,True,0.605,85,1772924400,1772933855
26MAR07VACBOR,Valentin Vacherot,0.84,0.86,True,0.585,70,1772920260,1772924270
26MAR07KORDE,Sebastian Korda,0.66,0.67,False,0.385,91,1772927280,1772930609
26MAR07CERBON,Francisco Cerundolo,0.93,0.94,True,0.735,118,1772910720,1772914742
26MAR06KOVMOU,Aleksandar Kovacevic,0.69,0.7,True,0.425,99,1772909280,1772915061
26MAR06ALCDIM,Carlos Alcaraz,0.98,0.99,True,0.945,82,1772930820,1772932418
26MAR06SHERUU,Casper Ruud,0.93,0.94,True,0.83,90,1772907600,1772912970
26MAR06RUBDIA,Andrey Rublev,0.86,0.89,False,0.745,80,1772918160,1772921920
26MAR06COBKEC,Miomir Kecmanovic,0.72,0.73,False,0.555,85,1772821680,1772827175
26MAR06BROTIA,Frances Tiafoe,0.99,1.0,True,0.495,85,1772840520,1772845535
26MAR06SHEOPE,Reilly Opelka,0.58,0.6,False,0.235,117,1772832840,1772836743
26MAR06PRIFIL,Arthur Fils,0.88,0.89,True,0.685,111,1772835300,1772838429
26MAR06ETCSHA,Denis Shapovalov,0.49,0.51,True,0.655,97,1772847420,1772852723
26MAR06WALTIE,Learner Tien,0.91,0.92,True,0.845,103,1772824440,1772828957
26MAR04ARNMCD,Mackenzie McDonald,0.9,0.91,True,0.605,69,1772768280,1772769771
26MAR04FUCOCO,Marton Fucsovics,0.77,0.8,True,0.5275000000000001,86,1772663700,1772665894
26MAR04TSEBAE,Sebastian Baez,0.91,0.93,True,0.725,69,1772747040,1772749371
26MAR04MAEHIJ,Rinky Hijikata,0.76,0.81,True,0.5549999999999999,67,1772764440,1772769413
26MAR04SHESHI,Alexander Shevchenko,0.64,0.66,True,0.425,63,1772737860,1772740977
26MAR04SVRDUC,Dalibor Svrcina,0.89,0.92,True,0.6775,65,1772662680,1772664955
26MAR04MONGAL,Gael Monfils,0.93,0.94,True,0.615,81,1772670300,1772676099
26MAR04ALTKEC,Miomir Kecmanovic,0.94,0.95,True,0.795,71,1772653980,1772658229
26MAR04CERVAN,Juan Manuel Cerundolo,0.6,0.66,True,0.365,115,1772760420,1772761985
26MAR04FONCOL,Joao Fonseca,0.8,0.82,True,0.565,107,1772672100,1772683333
26MAR04HALWAL,Adam Walton,0.6,0.64,True,0.355,116,1772651760,1772654224
26MAR04HURKOV,Aleksandar Kovacevic,0.61,0.64,True,0.335,61,1772745540,1772749379
26MAR04MAJMPE,Kamil Majchrzak,0.8,0.81,True,0.575,105,1772734680,1772740035
26MAR04TSISHA,Denis Shapovalov,0.91,0.93,True,0.44,106,1772686740,1772689274
26MAR04NAVGIR,Mariano Navone,0.62,0.64,False,0.28,96,1772651340,1772653584
26MAR04SVACIL,Zachary Svajda,0.66,0.67,True,0.4275,87,1772678100,1772682093
26MAR04UGODAM,Camilo Ugo Carabelli,0.7,0.72,True,0.355,72,1772651760,1772657208
26MAR03BURTSE,Roman Andres Burruchaga,0.92,0.94,False,0.535,112,1772584440,1772586248
26MAR03SCHYME,Tristan Schoolkate,0.86,0.89,True,0.595,114,1772581380,1772584026
26MAR03OCOBAS,Christopher O'Connell,0.97,0.99,True,0.695,85,1772562360,1772573555
26MAR03VUKPRI,Dino Prizmic,0.9,0.92,True,0.615,79,1772572260,1772573801
26MAR03MERSWE,Daniel Merida,0.89,0.9,True,0.585,69,1772564520,1772569611
26MAR03BONMOC,Benjamin Bonzi,0.66,0.67,True,0.755,81,1772567100,1772573559
26MAR03LANSHI,Sho Shimabukuro,0.49,0.51,True,0.6799999999999999,108,1772568900,1772573232
26MAR02BLOLAN,Martin Landaluce,0.78,0.79,True,0.5025,63,1772476020,1772477517
26MAR02BONPIN,Benjamin Bonzi,0.94,0.95,True,0.48,73,1772475780,1772479307
26MAR02GOMMOC,Shintaro Mochizuki,0.81,0.83,True,0.5025,70,1772475480,1772477510
26MAR02KOPSAK,Vit Kopriva,0.67,0.68,True,0.47,63,1772499420,1772502057
26MAR02YMEWON,Elias Ymer,0.55,0.56,True,0.265,76,1772490300,1772492504
26MAR02SCHBOL,Alex Bolt,0.68,0.69,False,0.4,80,1772482920,1772484940
26MAR02VANGAL,Alexis Galarneau,0.62,0.63,True,0.235,70,1772500140,1772503850
26MAR02LEABAR,Marcelo Tomas Barrios Vera,0.92,0.94,True,0.8574999999999999,82,1772495760,1772502338
26MAR02JOHSWE,Dane Sweeny,0.95,0.97,True,0.885,119,1772480880,1772483161
26MAR02JARMAE,Francesco Maestrelli,0.82,0.83,True,0.565,74,1772469600,1772477506
26MAR02SACMCD,Mackenzie McDonald,0.95,0.96,True,0.765,63,1772496720,1772498757
26MAR02KYPMER,Patrick Kypson,0.73,0.78,False,0.715,97,1772482920,1772485283
26MAR02SMISHI,Sho Shimabukuro,0.7,0.71,True,0.475,119,1772475420,1772478961
26FEB28COBTIA,Flavio Cobolli,0.72,0.73,True,0.475,80,1772334840,1772339440
26FEB28BAEDAR,Luciano Darderi,0.76,0.81,True,0.595,67,1772319540,1772321693
26FEB27TIANAK,Brandon Nakashima,0.69,0.74,False,0.4875,85,1772250120,1772254235
26FEB27TABBAE,Sebastian Baez,0.69,0.72,True,0.525,96,1772235120,1772240124
26FEB27CERNAV,Francisco Cerundolo,0.97,0.98,True,0.81,73,1772216820,1772219987
26FEB27RUBGRI,Tallon Griekspoor,0.32,0.35,True,0.28500000000000003,94,1772205300,1772208626
26FEB27PELDAR,Luciano Darderi,0.95,0.96,True,0.855,100,1772221980,1772231120
26FEB26VACNAK,Valentin Vacherot,0.82,0.83,False,0.46499999999999997,62,1772166060,1772168458
26FEB26YIBCOB,Flavio Cobolli,0.68,0.69,True,0.445,75,1772151240,1772154945
26FEB26KECATM,Miomir Kecmanovic,0.91,0.94,True,0.8374999999999999,99,1772160480,1772160321
26FEB26RUBRIN,Andrey Rublev,0.9,0.91,True,0.765,67,1772119080,1772120753
26FEB26VALNAV,Emilio Nava,0.7,0.71,True,0.4,100,1772121960,1772125280
26FEB25YIBSHI,Yibing Wu,0.88,0.91,True,0.735,110,1772072160,1772074270
26FEB25BELDAV,Mattia Bellucci,0.68,0.7,True,0.19,75,1772078760,1772081745
26FEB25ATMJOD,Terence Atmane,0.69,0.7,True,0.305,73,1772062200,1772066507
26FEB25NAVDAR,Luciano Darderi,0.86,0.87,True,0.675,62,1772060760,1772063818
26FEB25RUBHUM,Andrey Rublev,0.84,0.86,True,0.635,77,1772032680,1772035003
26FEB25PRIGAU,Dino Prizmic,0.57,0.58,False,0.945,89,1772054580,1772057191
26FEB25CARLEH,Jiri Lehecka,0.91,0.93,True,0.75,74,1772022660,1772027206
26FEB25GRIBUB,Tallon Griekspoor,0.51,0.52,True,0.275,117,1772029020,1772032323
26FEB25RINDRA,Arthur Rinderknech,0.51,0.52,True,0.235,65,1772042460,1772045515
26FEB24RUUYIB,Yibing Wu,0.56,0.6,True,0.3,108,1771992000,1771996032
26FEB24HIJBEL,Mattia Bellucci,0.85,0.86,True,0.485,106,1771984860,1771989734
26FEB24MANSHI,Sho Shimabukuro,0.71,0.73,True,0.455,85,1771993380,1771996595
26FEB24UGOHAN,Yannick Hanfmann,0.87,0.88,True,0.625,95,1772036160,1772039005
26FEB24SOTGAU,Vilius Gaubas,0.96,0.98,True,0.79,104,1771949820,1771952236
26FEB24PASVAL,Adolfo Daniel Vallejo,0.81,0.83,True,0.61,74,1771975140,1771977766
26FEB23VACWON,Coleman Wong,0.53,0.58,False,0.33,117,1771902960,1771905123
26FEB23KYPDE,Patrick Kypson,0.43,0.44,True,0.07500000000000001,77,1771899000,1771900963
26FEB22TABETC,Alejandro Tabilo,0.83,0.84,False,0.65,108,1771793820,1771798452
26FEB23HALDRA,Jack Draper,0.84,0.85,True,0.7424999999999999,113,1771867980,1771872187
26FEB23SHEKHA,Alexander Shevchenko,0.57,0.58,False,0.225,97,1771933080,1771937543
26FEB22KYPWON,Patrick Kypson,0.9,0.92,True,0.4275,80,1771812060,1771813960
26FEB22PAUKOR,Sebastian Korda,0.56,0.57,True,0.46499999999999997,95,1771788120,1771796905
26FEB22HIJYIB,Yibing Wu,0.86,0.9,True,0.8674999999999999,97,1771806660,1771807103
26FEB22DUCSVR,Dalibor Svrcina,0.93,0.94,True,0.6475,83,1771980240,1771981957
26FEB22ALTDAV,Alejandro Davidovich Fokina,0.95,0.97,True,0.875,65,1771892040,1771895275
26FEB22PACCOB,Flavio Cobolli,0.87,0.88,True,0.795,86,1771974360,1771981954
26FEB22JODNOR,Rafael Jodar,0.79,0.81,True,0.39,94,1771909620,1771911806
26FEB22VALROC,Adolfo Daniel Vallejo,0.88,0.9,True,0.7275,91,1771777440,1771781009
26FEB22PRIDEL,Dino Prizmic,0.8,0.83,True,0.7324999999999999,85,1771766700,1771772075
26FEB22GAUBAR,Alex Barrena,0.68,0.8,True,0.29000000000000004,79,1771767600,1771772081
26FEB22CERGAR,Juan Manuel Cerundolo,0.69,0.73,False,0.605,68,1771967880,1771971772
26FEB22TIRBUS,Ignacio Buse,0.77,0.83,False,0.425,90,1771965000,1771967850
26FEB22TABBAR,Alejandro Tabilo,0.84,0.85,True,0.585,74,1771975020,1771983166
26FEB22NAVKOP,Vit Kopriva,0.68,0.69,False,0.395,112,1771959480,1771961588
26FEB21LUZROC,Henrique Rocha,0.91,0.94,True,0.855,60,1771699260,1771700340
26FEB22CARNAR,Luca Nardi,0.74,0.76,False,0.505,112,1771752600,1771756748
26FEB22AUGZHA,Felix Auger-Aliassime,0.9,0.91,True,0.825,101,1771859160,1771862659
26FEB22BERBRO,Jenson Brooksby,0.93,0.94,True,0.505,109,1771927140,1771932791
26FEB22HUMTSI,Ugo Humbert,0.7,0.72,True,0.5325,89,1771946100,1771948351
26FEB22POPMAJ,Kamil Majchrzak,0.64,0.66,False,0.475,81,1771948200,1771950459
26FEB22MARRIN,Fabian Marozsan,0.81,0.83,False,0.605,91,1771935720,1771937249
26FEB22WAWHAS,Stan Wawrinka,0.95,0.96,True,0.84,80,1771852140,1771854820
26FEB22STRVIR,Jan-Lennard Struff,0.5,0.51,False,0.615,108,1771744500,1771748112
26FEB22MPECHO,Jan Choinski,0.57,0.59,False,0.315,111,1771744440,1771746549
26FEB21TABBUS,Alejandro Tabilo,0.83,0.84,True,0.585,69,1771769880,1771772871
26FEB21PAUTIE,Learner Tien,0.55,0.56,False,0.385,115,1771722240,1771725965
26FEB21PELVIL,Andrea Pellegrino,0.94,0.97,True,0.9375,114,1771690380,1771692186
26FEB21PRIHEI,Dino Prizmic,0.94,0.96,True,0.61,66,1771690440,1771692834
26FEB21VALMON,Thiago Monteiro,0.4,0.43,False,0.375,67,1771693740,1771698293
26FEB21HERWON,Coleman Wong,0.97,0.98,True,0.895,99,1771727700,1771730121
26FEB21SVAMAR,Zachary Svajda,0.96,1.0,True,0.86,148,1771725900,1771727672
26FEB21HIJMAG,Rinky Hijikata,0.95,0.96,True,0.915,90,1771714860,1771719930
26FEB21TOMMEJ,Nicolas Mejia,0.92,0.94,True,0.44999999999999996,79,1771723620,1771724981
26FEB21ETCKOP,Vit Kopriva,0.63,0.64,False,0.61,75,1771769700,1771771185
26FEB21STRAL,Jan-Lennard Struff,0.98,0.99,True,0.9299999999999999,109,1771662180,1771663331
26FEB21VIRVUK,Otto Virtanen,0.94,0.95,True,0.5700000000000001,113,1771657860,1771659787
26FEB21HALOCO,Quentin Halys,0.93,0.95,True,0.55,110,1771668660,1771671850
26FEB21BASSHE,Alexander Shevchenko,0.81,0.85,True,0.645,101,1771665600,1771668199
26FEB21MPEMOC,Giovanni Mpetshi Perricard,0.93,0.95,True,0.71,99,1771657980,1771659801
26FEB20ETCFAR,Tomas Martin Etcheverry,0.8,0.82,True,0.73,93,1771618860,1771623987
26FEB20WONCOB,Flavio Cobolli,0.7,0.73,True,0.48,69,1771607400,1771614111
26FEB18GIRRUU,Marcos Giron,0.69,0.7,False,0.355,62,1771463100,1771466158
26FEB19TSIRUB,Andrey Rublev,0.78,0.79,True,0.575,70,1771502460,1771506350
26FEB19TIEKEC,Learner Tien,0.73,0.75,True,0.665,69,1771521720,1771527351
26FEB19ETCGAU,Tomas Martin Etcheverry,0.89,0.9,True,0.78,115,1771530360,1771535465
26FEB19DZUFAR,Jaime Faria,0.84,0.85,True,0.6,92,1771530240,1771533688
26JAN29DJOSIN,Jannik Sinner,0.94,0.95,False,0.895,71,1769764740,1769771089
26JAN29ALCZVE,Carlos Alcaraz,0.91,0.92,True,0.845,114,1769738400,1769747706
26JAN27SHESIN,Jannik Sinner,0.94,0.95,True,0.895,111,1769579700,1769592309
26JAN26MUSDJO,Lorenzo Musetti,0.68,0.69,False,0.275,112,1769574780,1769578508
26JAN26ALCDE,Carlos Alcaraz,0.91,0.92,True,0.85,94,1769504760,1769509826
26JAN25SHERUU,Casper Ruud,0.51,0.52,False,0.365,76,1769421540,1769423744
26JAN24MUSFRI,Lorenzo Musetti,0.75,0.76,True,0.455,81,1769396340,1769399139
26JAN24DARSIN,Jannik Sinner,0.98,0.99,True,0.96,65,1769406120,1769413555
26JAN24BUBDE,Alex de Minaur,0.86,0.87,True,0.605,93,1769324160,1769331387
26JAN23CILRUU,Casper Ruud,0.86,0.87,True,0.725,62,1769240220,1769253418
26JAN23SPISIN,Eliot Spizzirri,0.05,0.06,False,0.015,96,1769220180,1769222544
26JAN23MUSMAC,Tomas Machac,0.52,0.54,False,0.355,96,1769208300,1769216844
26JAN23VANDJO,Novak Djokovic,0.97,0.98,True,0.925,111,1769240160,1769245329
26JAN22MENQUI,Jakub Mensik,0.83,0.84,True,0.685,65,1769238180,1769251015
26JAN22SHEVAC,Ben Shelton,0.89,0.9,True,0.785,88,1769218020,1769229392
26JAN22KHADAR,Luciano Darderi,0.38,0.4,True,0.215,71,1769210220,1769216269
26JAN22TIADE,Alex de Minaur,0.89,0.9,True,0.825,61,1769148420,1769158979
26JAN22BUBETC,Alexander Bublik,0.8,0.81,True,0.795,83,1769153280,1769167057
26JAN22ALCMOU,Carlos Alcaraz,0.99,1.0,True,0.975,68,1769135760,1769140432
26JAN22CERRUB,Francisco Cerundolo,0.6,0.61,True,0.45999999999999996,71,1769145120,1769155669
26JAN20MUSSON,Lorenzo Musetti,0.92,0.94,True,0.715,87,1769038020,1769047233
26JAN20BAEDAR,Luciano Darderi,0.36,0.37,True,0.38,82,1769034900,1769044538
26JAN21SPIYIB,Eliot Spizzirri,0.73,0.75,True,0.585,69,1769050500,1769056431
26JAN21HURQUI,Ethan Quinn,0.48,0.5,True,0.21500000000000002,115,1769049000,1769050745
26JAN20BUBFUC,Alexander Bublik,0.92,0.93,True,0.845,102,1768978500,1768983018
26JAN20THOBOR,Jordan Thompson,0.35,0.36,False,0.35,71,1768970160,1768974889
26JAN20HIJVAC,Valentin Vacherot,0.89,0.9,True,0.635,89,1769038980,1769044531
26JAN20GEAWAW,Arthur Gea,0.82,0.83,False,0.62,62,1769058300,1769061838
26JAN20FARRUB,Andrey Rublev,0.96,0.98,True,0.885,104,1768956900,1768959976
26JAN20MAEDJO,Novak Djokovic,0.98,1.0,True,0.975,71,1769049660,1769053129
26JAN20NAVNOR,Cameron Norrie,0.75,0.78,True,0.675,65,1768974240,1768981135
26JAN20ZHEMOU,Michael Zheng,0.5,0.51,False,0.42,88,1768969320,1768974872
26JAN20SHACIL,Marin Cilic,0.6,0.61,True,0.4175,99,1769062140,1769066301
26JAN20VANSHA,Botic Van de Zandschulp,0.7,0.72,True,0.4275,80,1769055780,1769057020
26JAN20PAUTIR,Tommy Paul,0.97,0.99,True,0.905,82,1768953660,1768959938
