gid,date,home,away,home_id,away_id,home_pts,away_pts
401809243,2025-10-21,OKC,HOU,25,10,125,124
401809244,2025-10-21,LAL,GS,13,9,109,119
401809234,2025-10-22,NY,CLE,18,5,119,111
401809933,2025-10-22,CHA,BKN,30,17,136,117
401809934,2025-10-22,ORL,MIA,19,14,125,121
401809935,2025-10-22,ATL,TOR,1,28,118,138
401809936,2025-10-22,BOS,PHI,2,20,116,117
401809937,2025-10-22,CHI,DET,4,8,115,111
401809938,2025-10-22,MEM,NO,29,3,128,122
401809939,2025-10-22,MIL,WSH,15,27,133,120
401809940,2025-10-22,UTAH,LAC,26,12,129,108
401809235,2025-10-22,DAL,SA,6,24,92,125
401809941,2025-10-22,PHX,SAC,21,23,120,116
401809942,2025-10-22,POR,MIN,22,16,114,118
401809236,2025-10-23,IND,OKC,11,25,135,141
401809237,2025-10-23,GS,DEN,9,7,137,131
401809946,2025-10-24,TOR,MIL,28,15,116,122
401809943,2025-10-24,ORL,ATL,19,1,107,111
401809944,2025-10-24,BKN,CLE,17,5,124,131
401809945,2025-10-24,NY,BOS,18,2,105,95
401809947,2025-10-24,HOU,DET,10,8,111,115
401809948,2025-10-24,MEM,MIA,29,14,114,146
401809949,2025-10-24,NO,SA,3,24,116,120
401809950,2025-10-24,DAL,WSH,6,27,107,117
401809951,2025-10-24,LAL,MIN,13,16,128,110
401809952,2025-10-24,POR,GS,22,9,139,119
401809953,2025-10-24,SAC,UTAH,23,26,105,104
401809954,2025-10-24,LAC,PHX,12,21,129,102
401809955,2025-10-25,ORL,CHI,19,4,98,110
401809956,2025-10-25,ATL,OKC,1,25,100,117
401809957,2025-10-25,PHI,CHA,20,30,125,121
401809958,2025-10-25,MEM,IND,29,11,128,103
401809959,2025-10-25,DEN,PHX,7,21,133,111
401809960,2025-10-26,SA,BKN,24,17,118,107
401809961,2025-10-26,DET,BOS,8,2,119,113
401809962,2025-10-26,CLE,MIL,5,15,118,113
401809963,2025-10-26,MIA,NY,14,18,115,107
401809964,2025-10-26,WSH,CHA,27,30,113,139
401809965,2025-10-26,MIN,IND,16,11,114,110
401809966,2025-10-26,DAL,TOR,6,28,139,129
401809967,2025-10-26,LAC,POR,12,22,114,107
401809968,2025-10-26,SAC,LAL,23,13,120,127
401809245,2025-10-27,DET,CLE,8,5,95,116
401809969,2025-10-27,PHI,ORL,20,19,136,124
401809970,2025-10-27,CHI,ATL,4,1,128,123
401809971,2025-10-27,HOU,BKN,10,17,137,109
401809972,2025-10-27,NO,BOS,3,2,90,122
401809973,2025-10-27,SA,TOR,24,28,121,103
401809974,2025-10-27,DAL,OKC,6,25,94,101
401809975,2025-10-27,UTAH,PHX,26,21,138,134
401809246,2025-10-27,MIN,DEN,16,7,114,127
401809976,2025-10-27,GS,MEM,9,29,131,118
401809977,2025-10-27,LAL,POR,13,22,108,122
401809978,2025-10-28,WSH,PHI,27,20,134,139
401809979,2025-10-28,MIA,CHA,14,30,144,117
401809980,2025-10-28,MIL,NY,15,18,121,111
401809981,2025-10-28,OKC,SAC,25,23,107,101
401809982,2025-10-28,GS,LAC,9,12,98,79
401809986,2025-10-29,TOR,HOU,28,10,121,139
401809983,2025-10-29,BOS,CLE,2,5,125,105
401809984,2025-10-29,DET,ORL,8,19,135,116
401809985,2025-10-29,BKN,ATL,17,1,112,117
401809987,2025-10-29,CHI,SAC,4,23,126,113
401809988,2025-10-29,DAL,IND,6,11,107,105
401809989,2025-10-29,DEN,NO,7,3,122,88
401809990,2025-10-29,UTAH,POR,26,22,134,136
401809991,2025-10-29,MIN,LAL,16,13,115,116
401809992,2025-10-29,PHX,MEM,21,29,113,114
401809993,2025-10-30,CHA,ORL,30,19,107,123
401809994,2025-10-30,MIL,GS,15,9,120,110
401809995,2025-10-30,OKC,WSH,25,27,127,108
401809996,2025-10-30,SA,MIA,24,14,107,101
401809502,2025-10-31,IND,ATL,11,1,108,128
401809503,2025-10-31,PHI,BOS,20,2,108,109
401809504,2025-10-31,CLE,TOR,5,28,101,112
401809505,2025-10-31,CHI,NY,4,18,135,125
401809506,2025-10-31,MEM,LAL,29,13,112,117
401809507,2025-10-31,PHX,UTAH,21,26,118,96
401809508,2025-10-31,POR,DEN,22,7,109,107
401809509,2025-10-31,LAC,NO,12,3,126,124
401809997,2025-11-01,MIL,SAC,15,23,133,135
401809998,2025-11-01,CHA,MIN,30,16,105,122
401809999,2025-11-01,IND,GS,11,9,114,109
401810000,2025-11-01,WSH,ORL,27,19,94,125
401810001,2025-11-01,BOS,HOU,2,10,101,128
401810002,2025-11-01,DET,DAL,8,6,122,110
401810003,2025-11-02,OKC,NO,25,3,137,106
401810004,2025-11-02,BKN,PHI,17,20,105,129
401810005,2025-11-02,CHA,UTAH,30,26,126,103
401810006,2025-11-02,CLE,ATL,5,1,117,109
401810007,2025-11-02,TOR,MEM,28,29,117,104
401810008,2025-11-02,NY,CHI,18,4,128,116
401810009,2025-11-02,PHX,SA,21,24,130,118
401810010,2025-11-02,LAL,MIA,13,14,130,120
401810011,2025-11-03,BKN,MIN,17,16,109,125
401810012,2025-11-03,IND,MIL,11,15,115,117
401810013,2025-11-03,BOS,UTAH,2,26,103,105
401810014,2025-11-03,NY,WSH,18,27,119,102
401810015,2025-11-03,HOU,DAL,10,6,110,102
401810016,2025-11-03,MEM,DET,29,8,106,114
401810017,2025-11-03,DEN,SAC,7,23,130,124
401810018,2025-11-03,POR,LAL,22,13,115,123
401810019,2025-11-03,LAC,MIA,12,14,119,120
401810020,2025-11-04,TOR,MIL,28,15,128,100
401810021,2025-11-04,ATL,ORL,1,19,127,112
401810022,2025-11-04,CHI,PHI,4,20,113,111
401810023,2025-11-04,NO,CHA,3,30,116,112
401810024,2025-11-04,GS,PHX,9,21,118,107
401810025,2025-11-04,LAC,OKC,12,25,107,126
401810026,2025-11-05,CLE,PHI,5,20,132,121
401810027,2025-11-05,DET,UTAH,8,26,114,103
401810028,2025-11-05,IND,BKN,11,17,103,112
401810029,2025-11-05,BOS,WSH,2,27,136,107
401810030,2025-11-05,NY,MIN,18,16,137,114
401810031,2025-11-05,MEM,HOU,29,10,109,124
401810032,2025-11-05,DAL,NO,6,3,99,101
401810033,2025-11-05,DEN,MIA,7,14,122,112
401810034,2025-11-05,LAL,SA,13,24,118,116
401810035,2025-11-05,POR,OKC,22,25,121,119
401810036,2025-11-05,SAC,GS,23,9,121,116
401810037,2025-11-06,PHX,LAC,21,12,115,102
401809510,2025-11-07,ORL,BOS,19,2,123,110
401809511,2025-11-07,WSH,CLE,27,5,115,148
401809512,2025-11-07,ATL,TOR,1,28,97,109
401809773,2025-11-07,BKN,DET,17,8,107,125
401809774,2025-11-07,SA,HOU,24,10,121,110
401809775,2025-11-07,MIA,CHA,14,30,126,108
401809776,2025-11-07,MEM,DAL,29,6,118,104
401809777,2025-11-07,MIL,CHI,15,4,126,110
401809778,2025-11-07,MIN,UTAH,16,26,137,97
401809779,2025-11-07,DEN,GS,7,9,129,104
401809780,2025-11-07,SAC,OKC,23,25,101,132
401810038,2025-11-08,WSH,DAL,27,6,105,111
401810039,2025-11-08,PHI,TOR,20,28,130,120
401810040,2025-11-08,ATL,LAL,1,13,122,102
401810041,2025-11-08,CLE,CHI,5,4,128,122
401810042,2025-11-08,MIA,POR,14,22,136,131
401810043,2025-11-08,SA,NO,24,3,126,119
401810044,2025-11-08,DEN,IND,7,11,117,100
401810045,2025-11-08,LAC,PHX,12,21,103,114
401810046,2025-11-09,MIL,HOU,15,10,115,122
401810047,2025-11-09,NY,BKN,18,17,134,98
401810048,2025-11-09,ORL,BOS,19,2,107,111
401810049,2025-11-09,MEM,OKC,29,25,100,114
401810050,2025-11-09,PHI,DET,20,8,108,111
401810051,2025-11-09,GS,IND,9,11,114,83
401810052,2025-11-09,SAC,MIN,23,16,117,144
401810053,2025-11-10,CHA,LAL,30,13,111,121
401810054,2025-11-10,DET,WSH,8,27,137,135
401810055,2025-11-10,ORL,POR,19,22,115,112
401810056,2025-11-10,MIA,CLE,14,5,140,138
401810057,2025-11-10,CHI,SA,4,24,117,121
401810058,2025-11-10,DAL,MIL,6,15,114,116
401810059,2025-11-10,PHX,NO,21,3,121,98
401810060,2025-11-10,UTAH,MIN,26,16,113,120
401810061,2025-11-10,LAC,ATL,12,1,102,105
401810062,2025-11-11,BKN,TOR,17,28,109,119
401810063,2025-11-11,NY,MEM,18,29,133,120
401810064,2025-11-11,PHI,BOS,20,2,102,100
401810065,2025-11-11,OKC,GS,25,9,126,102
401810066,2025-11-11,UTAH,IND,26,11,152,128
401810067,2025-11-11,SAC,DEN,23,7,108,122
401810068,2025-11-12,CHA,MIL,30,15,111,100
401810069,2025-11-12,DET,CHI,8,4,124,113
401810070,2025-11-12,NY,ORL,18,19,107,124
401810071,2025-11-12,BOS,MEM,2,29,131,95
401810072,2025-11-12,MIA,CLE,14,5,116,130
401810073,2025-11-12,HOU,WSH,10,27,135,112
401810074,2025-11-12,NO,POR,3,22,117,125
401810075,2025-11-12,SA,GS,24,9,120,125
401810076,2025-11-12,DAL,PHX,6,21,114,123
401810077,2025-11-12,OKC,LAL,25,13,121,92
401810078,2025-11-12,SAC,ATL,23,1,100,133
401810079,2025-11-12,LAC,DEN,12,7,116,130
401810080,2025-11-13,CLE,TOR,5,28,113,126
401810081,2025-11-13,PHX,IND,21,11,133,98
401810082,2025-11-13,UTAH,ATL,26,1,122,132
401809781,2025-11-14,NY,MIA,18,14,140,132
401809782,2025-11-14,ORL,BKN,19,17,105,98
401809783,2025-11-14,DET,PHI,8,20,114,105
401809784,2025-11-14,HOU,POR,10,22,140,116
401809785,2025-11-14,MIL,CHA,15,30,147,134
401809786,2025-11-14,MIN,SAC,16,23,124,110
401809787,2025-11-14,NO,LAL,3,13,104,118
401809788,2025-11-14,DAL,LAC,6,12,127,133
401809789,2025-11-14,SA,GS,24,9,108,109
401810083,2025-11-15,CLE,MEM,5,29,108,100
401810084,2025-11-15,CHA,OKC,30,25,96,109
401810085,2025-11-15,IND,TOR,11,28,111,129
401810086,2025-11-15,MIL,LAL,15,13,95,119
401810087,2025-11-15,MIN,DEN,16,7,112,123
401810088,2025-11-16,BOS,LAC,2,12,121,118
401810089,2025-11-16,SA,SAC,24,23,123,110
401810090,2025-11-16,WSH,BKN,27,17,106,129
401810091,2025-11-16,HOU,ORL,10,19,117,113
401810092,2025-11-16,NO,GS,3,9,106,124
401810093,2025-11-16,DAL,POR,6,22,138,133
401810094,2025-11-16,PHX,ATL,21,1,122,124
401810095,2025-11-16,UTAH,CHI,26,4,150,147
401810096,2025-11-17,CLE,MIL,5,15,118,106
401810097,2025-11-17,DET,IND,8,11,127,112
401810098,2025-11-17,PHI,LAC,20,12,110,108
401810099,2025-11-17,MIA,NY,14,18,115,113
401810100,2025-11-17,TOR,CHA,28,30,110,108
401810101,2025-11-17,MIN,DAL,16,6,120,96
401810102,2025-11-17,NO,OKC,3,25,109,126
401810103,2025-11-17,DEN,CHI,7,4,127,130
401810104,2025-11-18,ORL,GS,19,9,121,113
401810105,2025-11-18,BKN,BOS,17,2,99,113
401810106,2025-11-18,ATL,DET,1,8,112,120
401810107,2025-11-18,SA,MEM,24,29,111,101
401810108,2025-11-18,LAL,UTAH,13,26,140,126
401810109,2025-11-18,POR,PHX,22,21,110,127
401810110,2025-11-19,CLE,HOU,5,10,104,114
401810111,2025-11-19,IND,CHA,11,30,127,118
401810113,2025-11-19,PHI,TOR,20,28,112,121
401810112,2025-11-19,MIA,GS,14,9,110,96
401810114,2025-11-19,MIN,WSH,16,27,120,109
401810115,2025-11-19,NO,DEN,3,7,118,125
401810116,2025-11-19,OKC,SAC,25,23,113,99
401810117,2025-11-19,DAL,NY,6,18,111,113
401810118,2025-11-19,POR,CHI,22,4,121,122
401810119,2025-11-20,ORL,LAC,19,12,129,101
401810120,2025-11-20,MEM,SAC,29,23,137,96
401810121,2025-11-20,MIL,PHI,15,20,114,123
401810122,2025-11-20,SA,ATL,24,1,135,126
401809790,2025-11-21,CLE,IND,5,11,120,109
401809791,2025-11-21,BOS,BKN,2,17,105,113
401809792,2025-11-21,TOR,WSH,28,27,140,110
401809793,2025-11-21,CHI,MIA,4,14,107,143
401809794,2025-11-21,DAL,NO,6,3,118,115
401809795,2025-11-21,PHX,MIN,21,16,114,113
401809796,2025-11-21,HOU,DEN,10,7,109,112
401809797,2025-11-21,UTAH,OKC,26,25,112,144
401809798,2025-11-21,GS,POR,9,22,123,127
401810123,2025-11-22,CHA,LAC,30,12,116,131
401810124,2025-11-22,ORL,NY,19,18,133,121
401810125,2025-11-22,NO,ATL,3,1,98,115
401810126,2025-11-22,CHI,WSH,4,27,121,120
401810127,2025-11-22,MIL,DET,15,8,116,129
401810128,2025-11-22,DAL,MEM,6,29,96,102
401810129,2025-11-22,DEN,SAC,7,23,123,128
401810130,2025-11-23,PHI,MIA,20,14,117,127
401810131,2025-11-23,ATL,CHA,1,30,113,110
401810132,2025-11-23,BOS,ORL,2,19,138,129
401810133,2025-11-23,CLE,LAC,5,12,120,105
401810134,2025-11-23,TOR,BKN,28,17,119,109
401810135,2025-11-23,OKC,POR,25,22,122,95
401810136,2025-11-23,PHX,SA,21,24,111,102
401810137,2025-11-23,UTAH,LAL,26,13,106,108
401810138,2025-11-24,IND,DET,11,8,117,122
401810139,2025-11-24,TOR,CLE,28,5,110,99
401810140,2025-11-24,BKN,NY,17,18,100,113
401810141,2025-11-24,MIA,DAL,14,6,106,102
401810142,2025-11-24,MEM,DEN,29,7,115,125
401810143,2025-11-24,MIL,POR,15,22,103,115
401810144,2025-11-24,NO,CHI,3,4,143,130
401810145,2025-11-24,PHX,HOU,21,10,92,114
401810146,2025-11-24,GS,UTAH,9,26,134,117
401810147,2025-11-24,SAC,MIN,23,16,117,112
401809799,2025-11-25,WSH,ATL,27,1,132,113
401809800,2025-11-25,PHI,ORL,20,19,103,144
401809801,2025-11-25,LAL,LAC,13,12,135,118
401809802,2025-11-26,BOS,DET,2,8,117,114
401809803,2025-11-26,CHA,NY,30,18,101,129
401809804,2025-11-26,MIA,MIL,14,15,106,103
401809805,2025-11-26,TOR,IND,28,11,97,95
401809806,2025-11-26,OKC,MIN,25,16,113,105
401809807,2025-11-26,NO,MEM,3,29,128,133
401809808,2025-11-26,GS,HOU,9,10,100,104
401809809,2025-11-26,POR,SA,22,24,102,115
401809810,2025-11-26,SAC,PHX,23,21,100,112
401809811,2025-11-28,ATL,CLE,1,5,130,123
401809812,2025-11-28,BKN,PHI,17,20,103,115
401809813,2025-11-28,CHA,CHI,30,4,123,116
401809814,2025-11-28,DET,ORL,8,19,109,112
401809815,2025-11-28,IND,WSH,11,27,119,86
401809816,2025-11-28,NY,MIL,18,15,118,109
401809817,2025-11-28,OKC,PHX,25,21,123,119
401809818,2025-11-28,DEN,SA,7,24,136,139
401809819,2025-11-28,UTAH,SAC,26,23,128,119
401809820,2025-11-28,LAL,DAL,13,6,129,119
401809821,2025-11-28,LAC,MEM,12,29,107,112
401810148,2025-11-29,MIN,BOS,16,2,119,115
401810149,2025-11-29,CHA,TOR,30,28,118,111
401810150,2025-11-29,IND,CHI,11,4,103,101
401810151,2025-11-29,MIA,DET,14,8,135,138
401810152,2025-11-29,MIL,BKN,15,17,116,99
401810153,2025-11-29,GS,NO,9,3,104,96
401810154,2025-11-29,PHX,DEN,21,7,112,130
401810155,2025-11-29,LAC,DAL,12,6,110,114
401810156,2025-11-30,UTAH,HOU,26,10,101,129
401810157,2025-11-30,CLE,BOS,5,2,115,117
401810158,2025-11-30,NY,TOR,18,28,116,94
401810159,2025-11-30,PHI,ATL,20,1,134,142
401810160,2025-11-30,POR,OKC,22,25,115,123
401810161,2025-11-30,MIN,SA,16,24,125,112
401810162,2025-11-30,SAC,MEM,23,29,107,115
401810163,2025-11-30,LAL,NO,13,3,133,121
401810164,2025-12-01,DET,ATL,8,1,99,98
401810165,2025-12-01,IND,CLE,11,5,119,135
401810166,2025-12-01,WSH,MIL,27,15,129,126
401810167,2025-12-01,BKN,CHA,17,30,116,103
401810168,2025-12-01,MIA,LAC,14,12,140,123
401810169,2025-12-01,ORL,CHI,19,4,125,120
401810170,2025-12-01,DEN,DAL,7,6,121,131
401810171,2025-12-01,UTAH,HOU,26,10,133,125
401810172,2025-12-01,LAL,PHX,13,21,108,125
401810173,2025-12-02,PHI,WSH,20,27,121,102
401810174,2025-12-02,TOR,POR,28,22,121,118
401810175,2025-12-02,BOS,NY,2,18,123,117
401810176,2025-12-02,NO,MIN,3,16,142,149
401810177,2025-12-02,SA,MEM,24,29,126,119
401810178,2025-12-02,GS,OKC,9,25,112,124
401810179,2025-12-03,CLE,POR,5,22,110,122
401810180,2025-12-03,IND,DEN,11,7,120,135
401810181,2025-12-03,ORL,SA,19,24,112,114
401810182,2025-12-03,ATL,LAC,1,12,92,115
401810183,2025-12-03,NY,CHA,18,30,119,104
401810184,2025-12-03,CHI,BKN,4,17,103,113
401810185,2025-12-03,HOU,SAC,10,23,121,95
401810186,2025-12-03,MIL,DET,15,8,113,109
401810187,2025-12-03,DAL,MIA,6,14,118,108
401810188,2025-12-04,PHI,GS,20,9,99,98
401810189,2025-12-04,WSH,BOS,27,2,101,146
401810190,2025-12-04,BKN,UTAH,17,26,110,123
401810191,2025-12-04,TOR,LAL,28,13,120,123
401810192,2025-12-04,NO,MIN,3,16,116,125
401810193,2025-12-05,BOS,LAL,2,13,126,105
401810194,2025-12-05,ORL,MIA,19,14,106,105
401810195,2025-12-05,ATL,DEN,1,7,133,134
401810196,2025-12-05,CLE,SA,5,24,130,117
401810197,2025-12-05,DET,POR,8,22,122,116
401810198,2025-12-05,NY,UTAH,18,26,146,112
401810199,2025-12-05,TOR,CHA,28,30,86,111
401810200,2025-12-05,CHI,IND,4,11,105,120
401810201,2025-12-05,HOU,PHX,10,21,117,98
401810203,2025-12-05,MIL,PHI,15,20,101,116
401810204,2025-12-05,OKC,DAL,25,6,132,111
401810205,2025-12-06,BKN,NO,17,3,119,101
401810206,2025-12-06,WSH,ATL,27,1,116,131
401810207,2025-12-06,CLE,GS,5,9,94,99
401810208,2025-12-06,DET,MIL,8,15,124,112
401810209,2025-12-06,MIA,SAC,14,23,111,127
401810210,2025-12-06,MIN,LAC,16,12,109,106
401810211,2025-12-06,DAL,HOU,6,10,122,109
401810212,2025-12-07,NY,ORL,18,19,106,100
401810213,2025-12-07,TOR,BOS,28,2,113,121
401810214,2025-12-07,CHA,DEN,30,7,106,115
401810215,2025-12-07,MEM,POR,29,22,119,96
401810216,2025-12-07,CHI,GS,4,9,91,123
401810217,2025-12-07,PHI,LAL,20,13,108,112
401810218,2025-12-07,UTAH,OKC,26,25,101,131
401810219,2025-12-08,IND,SAC,11,23,116,105
401810220,2025-12-08,MIN,PHX,16,21,105,108
401810221,2025-12-08,NO,SA,3,24,132,135
401809833,2025-12-09,ORL,MIA,19,14,117,108
401809834,2025-12-09,TOR,NY,28,18,101,117
401809835,2025-12-10,OKC,PHX,25,21,138,89
401809836,2025-12-10,LAL,SA,13,24,119,132
401836746,2025-12-11,HOU,LAC,10,12,115,113
401836747,2025-12-11,MIL,BOS,15,2,116,101
401836748,2025-12-11,NO,POR,3,22,143,120
401836749,2025-12-11,SAC,DEN,23,7,105,136
401836750,2025-12-12,CHA,CHI,30,4,126,129
401836751,2025-12-12,DET,ATL,8,1,142,115
401836752,2025-12-12,PHI,IND,20,11,115,105
401836753,2025-12-12,WSH,CLE,27,5,126,130
401836754,2025-12-12,MEM,UTAH,29,26,126,130
401836795,2025-12-12,DAL,BKN,6,17,119,111
401836796,2025-12-12,GS,MIN,9,16,120,127
401809837,2025-12-13,ORL,NY,19,18,120,132
401809838,2025-12-13,OKC,SA,25,24,109,111
401836797,2025-12-14,IND,WSH,11,27,89,108
401836799,2025-12-14,CLE,CHA,5,30,111,119
401836798,2025-12-14,ATL,PHI,1,20,120,117
401836800,2025-12-14,BKN,MIL,17,15,127,82
401836801,2025-12-14,MIN,SAC,16,23,117,103
401836804,2025-12-14,CHI,NO,4,3,104,114
401839699,2025-12-14,PHX,LAL,21,13,114,116
401836802,2025-12-14,POR,GS,22,9,136,131
401836803,2025-12-15,BOS,DET,2,8,105,112
401839023,2025-12-15,MIA,TOR,14,28,96,106
401836805,2025-12-15,UTAH,DAL,26,6,140,133
401836806,2025-12-15,DEN,HOU,7,10,128,125
401836807,2025-12-15,LAC,MEM,12,29,103,121
401809839,2025-12-16,NY,SA,18,24,124,113
401810222,2025-12-17,CHI,CLE,4,5,127,111
401810223,2025-12-17,MIN,MEM,16,29,110,116
401810226,2025-12-18,CHA,ATL,30,1,133,126
401810227,2025-12-18,IND,NY,11,18,113,114
401810228,2025-12-18,BKN,MIA,17,14,95,106
401810224,2025-12-18,OKC,LAC,25,12,122,101
401810225,2025-12-18,SA,WSH,24,27,119,94
401810229,2025-12-18,MIL,TOR,15,28,105,111
401810230,2025-12-18,NO,HOU,3,10,133,128
401810231,2025-12-18,DAL,DET,6,8,116,114
401810232,2025-12-18,DEN,ORL,7,19,126,115
401810233,2025-12-18,PHX,GS,21,9,99,98
401810234,2025-12-18,UTAH,LAL,26,13,135,143
401810235,2025-12-18,POR,SAC,22,23,134,133
401810236,2025-12-19,BOS,MIA,2,14,129,116
401810237,2025-12-19,NY,PHI,18,20,107,116
401810238,2025-12-19,ATL,SA,1,24,98,126
401810239,2025-12-19,CLE,CHI,5,4,125,136
401810240,2025-12-19,MIN,OKC,16,25,112,107
401810241,2025-12-20,DEN,HOU,7,10,101,115
401810242,2025-12-20,PHI,DAL,20,6,121,114
401810243,2025-12-20,TOR,BOS,28,2,96,112
401810244,2025-12-20,NO,IND,3,11,128,109
401810245,2025-12-20,DET,CHA,8,30,112,86
401810246,2025-12-20,MEM,WSH,29,27,122,130
401810247,2025-12-20,GS,PHX,9,21,119,116
401810248,2025-12-20,UTAH,ORL,26,19,127,128
401810249,2025-12-20,SAC,POR,23,22,93,98
401810250,2025-12-20,LAC,LAL,12,13,103,88
401810251,2025-12-21,ATL,CHI,1,4,150,152
401810252,2025-12-21,BKN,TOR,17,28,96,81
401810253,2025-12-21,NY,MIA,18,14,132,125
401810254,2025-12-21,WSH,SA,27,24,113,124
401810255,2025-12-21,MIN,MIL,16,15,103,100
401810256,2025-12-21,SAC,HOU,23,10,125,124
401810257,2025-12-22,CLE,CHA,5,30,139,132
401810258,2025-12-22,BOS,IND,2,11,103,95
401810259,2025-12-22,NO,DAL,3,6,119,113
401810260,2025-12-22,DEN,UTAH,7,26,135,112
401810261,2025-12-22,OKC,MEM,25,29,119,103
401810262,2025-12-22,GS,ORL,9,19,120,97
401810263,2025-12-22,POR,DET,22,8,102,110
401810264,2025-12-23,CHA,WSH,30,27,126,109
401810265,2025-12-23,PHI,BKN,20,17,106,114
401810266,2025-12-23,ATL,CHI,1,4,123,126
401810267,2025-12-23,CLE,NO,5,3,141,118
401810268,2025-12-23,IND,MIL,11,15,94,111
401810269,2025-12-23,MIA,TOR,14,28,91,112
401810270,2025-12-23,DAL,DEN,6,7,131,130
401810271,2025-12-23,MIN,NY,16,18,115,104
401810272,2025-12-23,SA,OKC,24,25,130,110
401810273,2025-12-23,PHX,LAL,21,13,132,108
401810274,2025-12-23,UTAH,MEM,26,29,128,137
401810275,2025-12-23,POR,ORL,22,19,106,110
401810276,2025-12-23,SAC,DET,23,8,127,136
401810277,2025-12-23,LAC,HOU,12,10,128,108
401809238,2025-12-25,NY,CLE,18,5,126,124
401809239,2025-12-25,OKC,SA,25,24,102,117
401809240,2025-12-25,GS,DAL,9,6,126,116
401809241,2025-12-25,LAL,HOU,13,10,96,119
401809242,2025-12-25,DEN,MIN,7,16,142,138
401810278,2025-12-26,ATL,MIA,1,14,111,126
401810279,2025-12-26,ORL,CHA,19,30,105,120
401810280,2025-12-26,WSH,TOR,27,28,138,117
401810281,2025-12-26,IND,BOS,11,2,122,140
401810282,2025-12-26,CHI,PHI,4,20,109,102
401810283,2025-12-26,MEM,MIL,29,15,125,104
401810284,2025-12-26,NO,PHX,3,21,108,115
401810285,2025-12-26,UTAH,DET,26,8,131,129
401810286,2025-12-26,POR,LAC,22,12,103,119
401810287,2025-12-27,SAC,DAL,23,6,113,107
401810288,2025-12-27,ORL,DEN,19,7,127,126
401810289,2025-12-27,NO,PHX,3,21,114,123
401810290,2025-12-27,ATL,NY,1,18,125,128
401810291,2025-12-27,MIA,IND,14,11,142,116
401810292,2025-12-27,CHI,MIL,4,15,103,112
401810293,2025-12-27,HOU,CLE,10,5,117,100
401810294,2025-12-27,MIN,BKN,16,17,107,123
401810295,2025-12-27,SA,UTAH,24,26,114,127
401810296,2025-12-28,TOR,GS,28,9,141,127
401810297,2025-12-28,OKC,PHI,25,20,129,104
401810298,2025-12-28,WSH,MEM,27,29,116,112
401810299,2025-12-28,POR,BOS,22,2,114,108
401810300,2025-12-28,LAC,DET,12,8,112,99
401810301,2025-12-28,LAL,SAC,13,23,125,101
401810302,2025-12-29,CHA,MIL,30,15,113,123
401810303,2025-12-29,WSH,PHX,27,21,101,115
401810304,2025-12-29,BKN,GS,17,9,107,120
401810305,2025-12-29,MIA,DEN,14,7,147,123
401810306,2025-12-29,TOR,ORL,28,19,107,106
401810307,2025-12-29,CHI,MIN,4,16,101,136
401810308,2025-12-29,HOU,IND,10,11,126,119
401810309,2025-12-29,NO,NY,3,18,125,130
401810310,2025-12-29,OKC,ATL,25,1,140,129
401810311,2025-12-29,SA,CLE,24,5,101,113
401810312,2025-12-29,POR,DAL,22,6,125,122
401810313,2025-12-30,MEM,PHI,29,20,136,139
401810314,2025-12-30,UTAH,BOS,26,2,119,129
401810315,2025-12-30,LAL,DET,13,8,106,128
401810316,2025-12-30,LAC,SAC,12,23,131,90
401810317,2025-12-31,CHA,GS,30,9,125,132
401810318,2025-12-31,ATL,MIN,1,16,126,102
401810319,2025-12-31,IND,ORL,11,19,110,112
401810320,2025-12-31,CLE,PHX,5,21,129,113
401810321,2025-12-31,CHI,NO,4,3,134,118
401810322,2025-12-31,SA,NY,24,18,134,132
401810323,2025-12-31,TOR,DEN,28,7,103,106
401810324,2025-12-31,MIL,WSH,15,27,113,114
401810325,2025-12-31,OKC,POR,25,22,124,95
401810326,2026-01-01,BKN,HOU,17,10,96,120
401810327,2026-01-01,DET,MIA,8,14,112,118
401810328,2026-01-01,DAL,PHI,6,20,108,123
401810329,2026-01-01,SAC,BOS,23,2,106,120
401810330,2026-01-01,LAC,UTAH,12,26,118,101
401810331,2026-01-02,IND,SA,11,24,113,123
401810332,2026-01-02,WSH,BKN,27,17,119,99
401810333,2026-01-02,CLE,DEN,5,7,113,108
401810334,2026-01-02,NY,ATL,18,1,99,111
401810335,2026-01-02,CHI,ORL,4,19,121,114
401810336,2026-01-02,MIL,CHA,15,30,122,121
401810337,2026-01-02,NO,POR,3,22,109,122
401810338,2026-01-02,PHX,SAC,21,23,129,102
401810339,2026-01-02,GS,OKC,9,25,94,131
401810340,2026-01-02,LAL,MEM,13,29,128,121
401810341,2026-01-03,MIA,MIN,14,16,115,125
401810342,2026-01-03,NY,PHI,18,20,119,130
401810343,2026-01-03,TOR,ATL,28,1,134,117
401810344,2026-01-03,CHI,CHA,4,30,99,112
401810345,2026-01-03,SA,POR,24,22,110,115
401810346,2026-01-03,DAL,HOU,6,10,110,104
401810347,2026-01-03,GS,UTAH,9,26,123,114
401810348,2026-01-03,LAC,BOS,12,2,115,146
401810349,2026-01-04,CLE,DET,5,8,110,114
401810350,2026-01-04,ORL,IND,19,11,135,127
401810351,2026-01-04,BKN,DEN,17,7,127,115
401810352,2026-01-04,MIA,NO,14,3,125,106
401810353,2026-01-04,WSH,MIN,27,16,115,141
401810354,2026-01-04,PHX,OKC,21,25,108,105
401810355,2026-01-04,SAC,MIL,23,15,98,115
401810356,2026-01-04,LAL,MEM,13,29,120,114
401810357,2026-01-05,DET,NY,8,18,121,90
401810358,2026-01-05,BOS,CHI,2,4,115,101
401810359,2026-01-05,TOR,ATL,28,1,118,100
401810360,2026-01-05,HOU,PHX,10,21,100,97
401810361,2026-01-05,OKC,CHA,25,30,97,124
401810362,2026-01-05,PHI,DEN,20,7,124,125
401810363,2026-01-05,LAC,GS,12,9,103,102
401810364,2026-01-05,POR,UTAH,22,26,137,117
401810365,2026-01-06,IND,CLE,11,5,116,120
401810366,2026-01-06,WSH,ORL,27,19,120,112
401810367,2026-01-06,MEM,SA,29,24,106,105
401810368,2026-01-06,MIN,MIA,16,14,122,94
401810369,2026-01-06,NO,LAL,3,13,103,111
401810370,2026-01-06,SAC,DAL,23,6,98,100
401810371,2026-01-07,CHA,TOR,30,28,96,97
401810372,2026-01-07,DET,CHI,8,4,108,93
401810373,2026-01-07,PHI,WSH,20,27,131,110
401810375,2026-01-07,BOS,DEN,2,7,110,114
401810374,2026-01-07,ATL,NO,1,3,117,100
401810376,2026-01-07,BKN,ORL,17,19,103,104
401810377,2026-01-07,NY,LAC,18,12,123,111
401810379,2026-01-07,MEM,PHX,29,21,98,117
401810380,2026-01-07,OKC,UTAH,25,26,129,125
401810378,2026-01-07,SA,LAL,24,13,107,91
401810381,2026-01-07,GS,MIL,9,15,120,113
401810382,2026-01-07,POR,HOU,22,10,103,102
401810383,2026-01-08,CHA,IND,30,11,112,114
401810384,2026-01-08,CHI,MIA,4,14,0,0
401810385,2026-01-08,MIN,CLE,16,5,131,122
401810386,2026-01-08,UTAH,DAL,26,6,116,114
401810387,2026-01-09,BOS,TOR,2,28,125,117
401810388,2026-01-09,ORL,PHI,19,20,91,103
401810389,2026-01-09,WSH,NO,27,3,107,128
401810390,2026-01-09,BKN,LAC,17,12,105,121
401810391,2026-01-09,MEM,OKC,29,25,116,117
401810392,2026-01-09,DEN,ATL,7,1,87,110
401810393,2026-01-09,PHX,NY,21,18,112,107
401810394,2026-01-09,GS,SAC,9,23,137,103
401810395,2026-01-09,POR,HOU,22,10,111,105
401810396,2026-01-09,LAL,MIL,13,15,101,105
401810397,2026-01-10,CLE,MIN,5,16,146,134
401810398,2026-01-10,IND,MIA,11,14,123,99
401810399,2026-01-10,DET,LAC,8,12,92,98
401810400,2026-01-10,BOS,SA,2,24,95,100
401810401,2026-01-10,CHI,DAL,4,6,125,107
401810402,2026-01-10,UTAH,CHA,26,30,95,150
401810403,2026-01-11,ORL,NO,19,3,128,118
401810404,2026-01-11,MEM,BKN,29,17,103,98
401810405,2026-01-11,TOR,PHI,28,20,116,115
401810406,2026-01-11,POR,NY,22,18,114,123
401810407,2026-01-11,MIN,SA,16,24,104,103
401810408,2026-01-11,OKC,MIA,25,14,124,112
401810409,2026-01-11,DEN,MIL,7,15,108,104
401810410,2026-01-11,PHX,WSH,21,27,112,93
401810411,2026-01-11,GS,ATL,9,1,111,124
401810412,2026-01-11,SAC,HOU,23,10,111,98
401810413,2026-01-12,CLE,UTAH,5,26,112,123
401810414,2026-01-12,IND,BOS,11,2,98,96
401810415,2026-01-12,TOR,PHI,28,20,102,115
401810416,2026-01-12,DAL,BKN,6,17,113,105
401810417,2026-01-12,SAC,LAL,23,13,124,112
401810418,2026-01-12,LAC,CHA,12,30,117,109
401810419,2026-01-13,MIA,PHX,14,21,127,121
401810420,2026-01-13,HOU,CHI,10,4,119,113
401810421,2026-01-13,MIL,MIN,15,16,106,139
401810422,2026-01-13,NO,DEN,3,7,116,122
401810423,2026-01-13,OKC,SA,25,24,119,98
401810424,2026-01-13,LAL,ATL,13,1,141,116
401810425,2026-01-13,GS,POR,9,22,119,97
401810426,2026-01-14,IND,TOR,11,28,101,115
401810427,2026-01-14,PHI,CLE,20,5,107,133
401810428,2026-01-14,CHI,UTAH,4,26,128,126
401810429,2026-01-14,NO,BKN,3,17,116,113
401810430,2026-01-14,DAL,DEN,6,7,109,118
401810431,2026-01-14,SAC,NY,23,18,112,101
401810432,2026-01-14,LAC,WSH,12,27,119,105
401810433,2026-01-15,ORL,MEM,19,29,118,111
401810434,2026-01-15,DET,PHX,8,21,108,105
401810435,2026-01-15,MIA,BOS,14,2,114,119
401810436,2026-01-15,HOU,OKC,10,25,91,111
401810437,2026-01-15,SA,MIL,24,15,119,101
401810438,2026-01-15,DAL,UTAH,6,26,144,122
401810439,2026-01-15,GS,NY,9,18,126,113
401810440,2026-01-15,POR,ATL,22,1,117,101
401810441,2026-01-15,LAL,CHA,13,30,117,135
401810443,2026-01-16,IND,NO,11,3,127,119
401810444,2026-01-16,PHI,CLE,20,5,115,117
401810442,2026-01-16,BKN,CHI,17,4,112,109
401810445,2026-01-16,TOR,LAC,28,12,117,121
401810446,2026-01-16,HOU,MIN,10,16,110,105
401810447,2026-01-16,SAC,WSH,23,27,128,115
401810448,2026-01-17,DAL,UTAH,6,26,138,120
401810449,2026-01-17,ATL,BOS,1,2,106,132
401810450,2026-01-17,DET,IND,8,11,121,78
401810451,2026-01-17,NY,PHX,18,21,99,106
401810452,2026-01-17,MIA,OKC,14,25,122,120
401810453,2026-01-17,SA,MIN,24,16,126,123
401810454,2026-01-17,GS,CHA,9,30,136,116
401810455,2026-01-17,DEN,WSH,7,27,121,115
401810456,2026-01-17,POR,LAL,22,13,132,116
401810457,2026-01-18,MEM,ORL,29,19,126,109
401810458,2026-01-18,CHI,BKN,4,17,124,102
401810459,2026-01-18,HOU,NO,10,3,119,110
401810460,2026-01-18,DEN,CHA,7,30,87,110
401810461,2026-01-18,SAC,POR,23,22,110,117
401810462,2026-01-18,LAL,TOR,13,28,110,93
401809247,2026-01-19,ATL,MIL,1,15,110,112
401809248,2026-01-19,CLE,OKC,5,25,104,136
401810463,2026-01-19,WSH,LAC,27,12,106,110
401809249,2026-01-19,NY,DAL,18,6,97,114
401810466,2026-01-19,SA,UTAH,24,26,123,110
401810464,2026-01-19,PHI,IND,20,11,113,104
401810465,2026-01-19,BKN,PHX,17,21,117,126
401809250,2026-01-19,DET,BOS,8,2,104,103
401810467,2026-01-19,GS,MIA,9,14,135,112
401810468,2026-01-20,PHI,PHX,20,21,110,116
401810469,2026-01-20,CHI,LAC,4,12,138,110
401810470,2026-01-20,HOU,SA,10,24,111,106
401810471,2026-01-20,UTAH,MIN,26,16,127,122
401810472,2026-01-20,DEN,LAL,7,13,107,115
401810473,2026-01-20,GS,TOR,9,28,127,145
401810474,2026-01-20,SAC,MIA,23,14,117,130
401810475,2026-01-21,CHA,CLE,30,5,87,94
401810476,2026-01-21,BOS,IND,2,11,119,104
401810477,2026-01-21,NY,BKN,18,17,120,66
401810478,2026-01-21,MEM,ATL,29,1,122,124
401810479,2026-01-21,NO,DET,3,8,104,112
401810480,2026-01-21,MIL,OKC,15,25,102,122
401810481,2026-01-21,SAC,TOR,23,28,109,122
401810482,2026-01-22,ORL,CHA,19,30,97,124
401810483,2026-01-22,PHI,HOU,20,10,128,122
401810484,2026-01-22,WSH,DEN,27,7,97,107
401810485,2026-01-22,DAL,GS,6,9,123,115
401810486,2026-01-22,MIN,CHI,16,4,115,120
401810487,2026-01-22,UTAH,SA,26,24,109,126
401810488,2026-01-22,LAC,LAL,12,13,112,104
401810489,2026-01-22,POR,MIA,22,14,127,110
401810490,2026-01-23,DET,HOU,8,10,104,111
401810491,2026-01-23,ATL,PHX,1,21,110,103
401810492,2026-01-23,BKN,BOS,17,2,126,130
401810493,2026-01-23,CLE,SAC,5,23,123,118
401810494,2026-01-23,MEM,NO,29,3,127,133
401810496,2026-01-23,OKC,IND,25,11,114,117
401810495,2026-01-23,MIL,DEN,15,7,100,102
401810497,2026-01-23,POR,TOR,22,28,98,110
401810500,2026-01-24,CHA,WSH,30,27,119,115
401810498,2026-01-24,PHI,NY,20,18,109,112
401810499,2026-01-24,MIN,GS,16,9,0,0
401810501,2026-01-24,ORL,CLE,19,5,105,119
401810502,2026-01-24,CHI,BOS,4,2,114,111
401810503,2026-01-24,DAL,LAL,6,13,110,116
401810504,2026-01-24,UTAH,MIA,26,14,116,147
401810505,2026-01-25,DET,SAC,8,23,139,116
401810506,2026-01-25,MEM,DEN,29,7,0,0
401857824,2026-01-25,MIN,GS,16,9,85,111
401810507,2026-01-25,MIL,DAL,15,6,0,0
401810508,2026-01-25,OKC,TOR,25,28,101,103
401810509,2026-01-25,SA,NO,24,3,95,104
401810510,2026-01-25,PHX,MIA,21,14,102,111
401810511,2026-01-25,LAC,BKN,12,17,126,89
401810514,2026-01-26,ATL,IND,1,11,132,116
401810512,2026-01-26,CHA,PHI,30,20,130,93
401810513,2026-01-26,CLE,ORL,5,19,114,98
401810515,2026-01-26,BOS,POR,2,22,102,94
401810516,2026-01-26,CHI,LAL,4,13,118,129
401810517,2026-01-26,HOU,MEM,10,29,108,99
401810518,2026-01-26,MIN,GS,16,9,108,83
401810519,2026-01-27,WSH,POR,27,22,115,111
401810520,2026-01-27,NY,SAC,18,23,103,87
401810521,2026-01-27,PHI,MIL,20,15,139,122
401810522,2026-01-27,OKC,NO,25,3,104,95
401810523,2026-01-27,DEN,DET,7,8,107,109
401810524,2026-01-27,PHX,BKN,21,17,106,102
401810525,2026-01-27,UTAH,LAC,26,12,103,115
401810526,2026-01-28,CLE,LAL,5,13,129,99
401810527,2026-01-28,IND,CHI,11,4,113,110
401810528,2026-01-28,BOS,ATL,2,1,106,117
401810529,2026-01-28,MIA,ORL,14,19,124,133
401810530,2026-01-28,TOR,NY,28,18,92,119
401810531,2026-01-28,MEM,CHA,29,30,97,112
401810532,2026-01-28,DAL,MIN,6,16,105,118
401810533,2026-01-28,UTAH,GS,26,9,124,140
401810534,2026-01-28,HOU,SA,10,24,99,111
401810535,2026-01-29,PHI,SAC,20,23,113,111
401810536,2026-01-29,WSH,MIL,27,15,109,99
401810537,2026-01-29,ATL,HOU,1,10,86,104
401850920,2026-01-29,CHI,MIA,4,14,113,116
401810538,2026-01-29,DAL,CHA,6,30,121,123
401810539,2026-01-29,DEN,BKN,7,17,107,103
401810540,2026-01-29,PHX,DET,21,8,114,96
401810541,2026-01-29,MIN,OKC,16,25,123,111
401810543,2026-01-30,WSH,LAL,27,13,111,142
401810542,2026-01-30,ORL,TOR,19,28,130,120
401810544,2026-01-30,BOS,SAC,2,23,112,93
401810545,2026-01-30,NY,POR,18,22,127,97
401810546,2026-01-30,NO,MEM,3,29,114,106
401810548,2026-01-30,PHX,CLE,21,5,126,113
401810550,2026-01-30,DEN,LAC,7,12,122,109
401810549,2026-01-30,UTAH,BKN,26,17,99,109
401810551,2026-01-30,GS,DET,9,8,124,131
401810552,2026-01-31,CHA,SA,30,24,111,106
401810553,2026-01-31,IND,ATL,11,1,129,124
401810554,2026-01-31,PHI,NO,20,3,124,114
401810547,2026-01-31,MIA,CHI,14,4,118,125
401810555,2026-01-31,MEM,MIN,29,16,114,131
401810556,2026-01-31,HOU,DAL,10,6,111,107
401810557,2026-02-01,BOS,MIL,2,15,107,79
401810559,2026-02-01,DET,BKN,8,17,130,77
401810560,2026-02-01,MIA,CHI,14,4,134,91
401810561,2026-02-01,TOR,UTAH,28,26,107,100
401810562,2026-02-01,WSH,SAC,27,23,116,112
401810563,2026-02-01,NY,LAL,18,13,112,100
401810564,2026-02-01,PHX,LAC,21,12,93,117
401810558,2026-02-01,SA,ORL,24,19,112,103
401810565,2026-02-01,POR,CLE,22,5,111,130
401810566,2026-02-01,DEN,OKC,7,25,111,121
401810567,2026-02-02,CHA,NO,30,3,102,95
401810568,2026-02-02,IND,HOU,11,10,114,118
401810569,2026-02-02,MEM,MIN,29,16,137,128
401810570,2026-02-02,LAC,PHI,12,20,113,128
401810571,2026-02-03,DET,DEN,8,7,124,121
401810572,2026-02-03,IND,UTAH,11,26,122,131
401810573,2026-02-03,WSH,NY,27,18,101,132
401810574,2026-02-03,BKN,LAL,17,13,109,125
401810575,2026-02-03,MIA,ATL,14,1,115,127
401810576,2026-02-03,DAL,BOS,6,2,100,110
401810577,2026-02-03,MIL,CHI,15,4,131,115
401810578,2026-02-03,OKC,ORL,25,19,128,92
401810579,2026-02-03,GS,PHI,9,20,94,113
401810580,2026-02-03,POR,PHX,22,21,125,130
401810581,2026-02-04,NY,DEN,18,7,134,127
401810582,2026-02-04,TOR,MIN,28,16,126,128
401810583,2026-02-04,HOU,BOS,10,2,93,114
401810584,2026-02-04,MIL,NO,15,3,141,137
401810585,2026-02-04,SA,OKC,24,25,116,106
401810586,2026-02-04,SAC,MEM,23,29,125,129
401810587,2026-02-04,LAC,CLE,12,5,91,124
401810588,2026-02-05,DET,WSH,8,27,117,126
401810589,2026-02-05,ORL,BKN,19,17,118,98
401810590,2026-02-05,ATL,UTAH,1,26,121,119
401810591,2026-02-05,TOR,CHI,28,4,123,107
401810592,2026-02-05,HOU,CHA,10,30,99,109
401810593,2026-02-05,DAL,SA,6,24,123,135
401810594,2026-02-05,PHX,GS,21,9,97,101
401810595,2026-02-05,LAL,PHI,13,20,119,115
401810596,2026-02-06,BOS,MIA,2,14,98,96
401810597,2026-02-06,DET,NY,8,18,118,80
401810598,2026-02-06,MIL,IND,15,11,105,99
401810599,2026-02-06,MIN,NO,16,3,115,119
401810600,2026-02-06,POR,MEM,22,29,135,115
401810601,2026-02-06,SAC,LAC,23,12,111,114
401810602,2026-02-07,BKN,WSH,17,27,127,113
401810603,2026-02-07,OKC,HOU,25,10,106,112
401810604,2026-02-07,SA,DAL,24,6,138,125
401810605,2026-02-07,ORL,UTAH,19,26,120,117
401810606,2026-02-07,ATL,CHA,1,30,119,126
401810607,2026-02-07,CHI,DEN,4,7,120,136
401810608,2026-02-07,LAL,GS,13,9,105,99
401810609,2026-02-07,PHX,PHI,21,20,103,109
401810610,2026-02-07,POR,MEM,22,29,122,115
401810611,2026-02-07,SAC,CLE,23,5,126,132
401810612,2026-02-08,BOS,NY,2,18,89,111
401810613,2026-02-08,WSH,MIA,27,14,101,132
401810614,2026-02-08,TOR,IND,28,11,122,104
401810615,2026-02-08,MIN,LAC,16,12,96,115
401810616,2026-02-09,CHA,DET,30,8,104,110
401810617,2026-02-09,BKN,CHI,17,4,123,115
401810618,2026-02-09,MIA,UTAH,14,26,111,115
401810619,2026-02-09,ORL,MIL,19,15,118,99
401810620,2026-02-09,MIN,ATL,16,1,138,116
401810621,2026-02-09,NO,SAC,3,23,120,94
401810622,2026-02-09,DEN,CLE,7,5,117,119
401810623,2026-02-09,GS,MEM,9,29,114,113
401810624,2026-02-09,LAL,OKC,13,25,110,119
401810625,2026-02-09,POR,PHI,22,20,135,118
401810626,2026-02-10,NY,IND,18,11,134,137
401810627,2026-02-10,HOU,LAC,10,12,102,95
401810628,2026-02-10,PHX,DAL,21,6,120,111
401810629,2026-02-10,LAL,SA,13,24,108,136
401810630,2026-02-11,CHA,ATL,30,1,110,107
401810631,2026-02-11,CLE,WSH,5,27,138,113
401810632,2026-02-11,ORL,MIL,19,15,108,116
401810633,2026-02-11,BOS,CHI,2,4,124,105
401810634,2026-02-11,BKN,IND,17,11,110,115
401810635,2026-02-11,PHI,NY,20,18,89,138
401810636,2026-02-11,TOR,DET,28,8,95,113
401810637,2026-02-11,HOU,LAC,10,12,102,105
401810638,2026-02-11,MIN,POR,16,22,133,109
401810639,2026-02-11,NO,MIA,3,14,111,123
401810640,2026-02-11,PHX,OKC,21,25,109,136
401810641,2026-02-11,UTAH,SAC,26,23,121,93
401810642,2026-02-11,DEN,MEM,7,29,122,116
401810643,2026-02-11,GS,SA,9,24,113,126
401810644,2026-02-12,OKC,MIL,25,15,93,110
401810645,2026-02-12,UTAH,POR,26,22,119,135
401810646,2026-02-12,LAL,DAL,13,6,124,104
401838140,2026-02-15,STARS,WORLD,132374,111386,37,35
401838141,2026-02-15,STRIPES,STARS,132375,132374,42,40
401838142,2026-02-15,STRIPES,WORLD,132375,111386,48,45
401838143,2026-02-15,STRIPES,STARS,132375,132374,21,47
401810647,2026-02-19,CHA,HOU,30,10,101,105
401810648,2026-02-19,CLE,BKN,5,17,112,84
401810649,2026-02-19,PHI,ATL,20,1,107,117
401810650,2026-02-19,WSH,IND,27,11,112,105
401810651,2026-02-19,NY,DET,18,8,111,126
401810652,2026-02-19,CHI,TOR,4,28,101,110
401810653,2026-02-19,SA,PHX,24,21,121,94
401810654,2026-02-19,GS,BOS,9,2,110,121
401810655,2026-02-19,SAC,ORL,23,19,94,131
401810656,2026-02-19,LAC,DEN,12,7,115,114
401810657,2026-02-20,CHA,CLE,30,5,113,118
401810658,2026-02-20,WSH,IND,27,11,131,118
401810659,2026-02-20,MEM,UTAH,29,26,123,114
401810660,2026-02-20,ATL,MIA,1,14,97,128
401810661,2026-02-20,MIN,DAL,16,6,122,111
401810662,2026-02-20,NO,MIL,3,15,118,139
401810663,2026-02-20,OKC,BKN,25,17,105,86
401810665,2026-02-20,POR,DEN,22,7,103,157
401810664,2026-02-20,LAL,LAC,13,12,125,122
401810666,2026-02-21,PHX,ORL,21,19,113,110
401810667,2026-02-21,NO,PHI,3,20,126,111
401810668,2026-02-21,MIA,MEM,14,29,136,120
401810669,2026-02-21,CHI,DET,4,8,110,126
401810670,2026-02-21,SA,SAC,24,23,139,122
401810671,2026-02-21,NY,HOU,18,10,108,106
401810672,2026-02-22,OKC,CLE,25,5,121,113
401810673,2026-02-22,ATL,BKN,1,17,115,104
401810674,2026-02-22,MIL,TOR,15,28,94,122
401810675,2026-02-22,GS,DEN,9,7,128,117
401810676,2026-02-22,IND,DAL,11,6,130,134
401810677,2026-02-22,WSH,CHA,27,30,112,129
401810678,2026-02-22,LAL,BOS,13,2,89,111
401810679,2026-02-22,MIN,PHI,16,20,108,135
401810680,2026-02-22,CHI,NY,4,18,99,105
401810681,2026-02-22,PHX,POR,21,22,77,92
401810682,2026-02-22,LAC,ORL,12,19,109,111
401810683,2026-02-23,DET,SA,8,24,103,114
401810684,2026-02-23,MEM,SAC,29,23,114,123
401810685,2026-02-23,HOU,UTAH,10,26,125,105
401810686,2026-02-24,IND,PHI,11,20,114,135
401810687,2026-02-24,ATL,WSH,1,27,119,98
401810688,2026-02-24,BKN,DAL,17,6,114,123
401810689,2026-02-24,TOR,OKC,28,25,107,116
401810690,2026-02-24,CLE,NY,5,18,109,94
401810691,2026-02-24,CHI,CHA,4,30,99,131
401810692,2026-02-24,MIL,MIA,15,14,128,117
401810693,2026-02-24,NO,GS,3,9,113,109
401810694,2026-02-24,PHX,BOS,21,2,81,97
401810696,2026-02-24,POR,MIN,22,16,121,124
401810695,2026-02-24,LAL,ORL,13,19,109,110
401810697,2026-02-25,DET,OKC,8,25,124,116
401810698,2026-02-25,TOR,SA,28,24,107,110
401810699,2026-02-25,MEM,GS,29,9,112,133
401810700,2026-02-25,HOU,SAC,10,23,128,97
401810701,2026-02-25,MIL,CLE,15,5,118,116
401810702,2026-02-25,DEN,BOS,7,2,103,84
401810703,2026-02-26,IND,CHA,11,30,109,133
401810704,2026-02-26,PHI,MIA,20,14,124,117
401810705,2026-02-26,ATL,WSH,1,27,126,96
401810706,2026-02-26,BKN,SA,17,24,110,126
401810707,2026-02-26,ORL,HOU,19,10,108,113
401810708,2026-02-26,CHI,POR,4,22,112,121
401810709,2026-02-26,DAL,SAC,6,23,121,130
401810710,2026-02-26,PHX,LAL,21,13,113,110
401810711,2026-02-26,UTAH,NO,26,3,118,129
401810712,2026-02-26,LAC,MIN,12,16,88,94
401810713,2026-02-27,DET,CLE,8,5,122,119
401810714,2026-02-27,BOS,BKN,2,17,148,111
401810715,2026-02-27,MIL,NY,15,18,98,127
401810716,2026-02-27,DAL,MEM,6,29,105,124
401810717,2026-02-27,OKC,DEN,25,7,127,121
401810718,2026-02-28,CHA,POR,30,22,109,93
401810719,2026-02-28,MIA,HOU,14,10,115,105
401810720,2026-02-28,WSH,TOR,27,28,125,134
401810721,2026-02-28,GS,LAL,9,13,101,129
401810722,2026-02-28,UTAH,NO,26,3,105,115
401810723,2026-03-01,NY,SA,18,24,114,89
401810724,2026-03-01,BKN,CLE,17,5,102,106
401810725,2026-03-01,CHI,MIL,4,15,120,97
401810726,2026-03-01,DEN,MIN,7,16,108,117
401810727,2026-03-01,IND,MEM,11,29,106,125
401810728,2026-03-01,ATL,POR,1,22,135,101
401810730,2026-03-01,ORL,DET,19,8,92,106
401810729,2026-03-01,BOS,PHI,2,20,114,98
401810731,2026-03-01,DAL,OKC,6,25,87,100
401810732,2026-03-01,LAC,NO,12,3,137,117
401810733,2026-03-01,LAL,SAC,13,23,128,104
401810734,2026-03-02,WSH,HOU,27,10,118,123
401810735,2026-03-02,MIL,BOS,15,2,81,108
401810736,2026-03-02,UTAH,DEN,26,7,125,128
401810737,2026-03-02,GS,LAC,9,12,101,114
401810738,2026-03-03,CHA,DAL,30,6,117,90
401810739,2026-03-03,CLE,DET,5,8,113,109
401810740,2026-03-03,ORL,WSH,19,27,126,109
401810741,2026-03-03,MIA,BKN,14,17,124,98
401810742,2026-03-03,TOR,NY,28,18,95,111
401810743,2026-03-03,PHI,SA,20,24,91,131
401810744,2026-03-03,CHI,OKC,4,25,108,116
401810745,2026-03-03,MIN,MEM,16,29,117,110
401810746,2026-03-03,LAL,NO,13,3,110,101
401810747,2026-03-03,SAC,PHX,23,21,103,114
401810748,2026-03-04,NY,OKC,18,25,100,103
401810749,2026-03-04,BOS,CHA,2,30,89,118
401810750,2026-03-04,PHI,UTAH,20,26,106,102
401810751,2026-03-04,MEM,POR,29,22,114,122
401810752,2026-03-04,MIL,ATL,15,1,113,131
401810753,2026-03-04,LAC,IND,12,11,130,107
401810754,2026-03-05,ORL,DAL,19,6,115,114
401810755,2026-03-05,WSH,UTAH,27,26,112,122
401810756,2026-03-05,MIA,BKN,14,17,126,110
401810757,2026-03-05,HOU,GS,10,9,113,115
401810758,2026-03-05,MIN,TOR,16,28,115,107
401810759,2026-03-05,SA,DET,24,8,121,106
401810760,2026-03-05,PHX,CHI,21,4,103,105
401810761,2026-03-05,DEN,LAL,7,13,120,113
401810762,2026-03-05,SAC,NO,23,3,123,133
401810763,2026-03-06,BOS,DAL,2,6,120,100
401810764,2026-03-06,CHA,MIA,30,14,120,128
401810765,2026-03-06,HOU,POR,10,22,106,99
401810766,2026-03-06,DEN,NY,7,18,103,142
401810767,2026-03-06,PHX,NO,21,3,118,116
401810768,2026-03-06,SA,LAC,24,12,116,112
401810769,2026-03-06,LAL,IND,13,11,128,117
401810770,2026-03-07,MIN,ORL,16,19,92,119
401810771,2026-03-07,DET,BKN,8,17,105,107
401810772,2026-03-07,ATL,PHI,1,20,125,116
401810773,2026-03-07,MEM,LAC,29,12,120,123
401810774,2026-03-07,MIL,UTAH,15,26,113,99
401810775,2026-03-07,OKC,GS,25,9,104,97
401810776,2026-03-08,CLE,BOS,5,2,98,109
401810777,2026-03-08,LAL,NY,13,18,110,97
401810778,2026-03-08,MIA,DET,14,8,121,110
401810779,2026-03-08,TOR,DAL,28,6,122,92
401810780,2026-03-08,NO,WSH,3,27,138,118
401810781,2026-03-08,MIL,ORL,15,19,91,130
401810782,2026-03-08,SA,HOU,24,10,145,120
401810784,2026-03-08,POR,IND,22,11,131,111
401810785,2026-03-08,SAC,CHI,23,4,126,110
401810783,2026-03-08,PHX,CHA,21,30,111,99
401810786,2026-03-09,CLE,PHI,5,20,115,101
401810787,2026-03-09,BKN,MEM,17,29,126,115
401810788,2026-03-09,OKC,DEN,25,7,129,126
401810789,2026-03-09,UTAH,GS,26,9,119,116
401810790,2026-03-09,LAC,NY,12,18,126,118
401810791,2026-03-10,PHI,MEM,20,29,139,129
401810792,2026-03-10,BKN,DET,17,8,100,138
401810793,2026-03-10,MIA,WSH,14,27,150,129
401810794,2026-03-10,ATL,DAL,1,6,124,112
401810795,2026-03-10,HOU,TOR,10,28,113,99
401810796,2026-03-10,MIL,PHX,15,21,114,129
401810797,2026-03-10,SA,BOS,24,2,125,116
401810798,2026-03-10,GS,CHI,9,4,124,130
401810799,2026-03-10,POR,CHA,22,30,101,103
401810800,2026-03-10,SAC,IND,23,11,114,109
401810801,2026-03-10,LAL,MIN,13,16,120,106
401810802,2026-03-11,ORL,CLE,19,5,128,122
401810803,2026-03-11,NO,TOR,3,28,122,111
401810804,2026-03-11,UTAH,NY,26,18,117,134
401810805,2026-03-11,DEN,HOU,7,10,129,93
401810806,2026-03-11,SAC,CHA,23,30,109,117
401810807,2026-03-11,LAC,MIN,12,16,153,128
401810808,2026-03-12,DET,PHI,8,20,131,109
401810809,2026-03-12,IND,PHX,11,21,108,123
401810810,2026-03-12,ORL,WSH,19,27,136,131
401810811,2026-03-12,ATL,BKN,1,17,108,97
401810812,2026-03-12,MIA,MIL,14,15,112,105
401810966,2026-03-12,MEM,DAL,29,6,112,120
401810813,2026-03-12,SA,DEN,24,7,131,136
401810814,2026-03-12,OKC,BOS,25,2,104,102
401810815,2026-03-12,LAL,CHI,13,4,142,130
401810816,2026-03-13,DET,MEM,8,29,126,110
401810817,2026-03-13,IND,NY,11,18,92,101
401810818,2026-03-13,TOR,PHX,28,21,122,115
401810820,2026-03-13,DAL,CLE,6,5,105,138
401810819,2026-03-13,HOU,NO,10,3,107,105
401810821,2026-03-13,GS,MIN,9,16,117,127
401810822,2026-03-13,POR,UTAH,22,26,124,114
401810823,2026-03-13,LAC,CHI,12,4,119,108
401810824,2026-03-14,PHI,BKN,20,17,104,97
401810825,2026-03-14,ATL,MIL,1,15,122,99
401810828,2026-03-14,SA,CHA,24,30,115,102
401810826,2026-03-14,BOS,WSH,2,27,111,100
401810827,2026-03-14,MIA,ORL,14,19,117,121
401810829,2026-03-14,LAL,DEN,13,7,127,125
401810830,2026-03-14,LAC,SAC,12,23,109,118
401810831,2026-03-15,OKC,MIN,25,16,116,103
401810832,2026-03-15,CLE,DAL,5,6,120,130
401810833,2026-03-15,TOR,DET,28,8,119,108
401810834,2026-03-15,MIL,IND,15,11,134,123
401810835,2026-03-15,PHI,POR,20,22,109,103
401810836,2026-03-15,NY,GS,18,9,110,107
401810837,2026-03-15,SAC,UTAH,23,26,116,111
401810838,2026-03-16,ATL,ORL,1,19,124,112
401810839,2026-03-16,WSH,GS,27,9,117,125
401810840,2026-03-16,BKN,POR,17,22,95,114
401810841,2026-03-16,BOS,PHX,2,21,120,112
401810842,2026-03-16,CHI,MEM,4,29,132,107
401810843,2026-03-16,NO,DAL,3,6,129,111
401810844,2026-03-16,HOU,LAL,10,13,92,100
401810845,2026-03-16,LAC,SA,12,24,115,119
401810846,2026-03-17,CHA,MIA,30,14,136,106
401810847,2026-03-17,ORL,OKC,19,25,108,113
401810848,2026-03-17,WSH,DET,27,8,117,130
401810849,2026-03-17,NY,IND,18,11,136,110
401810850,2026-03-17,MIL,CLE,15,5,116,123
401810851,2026-03-17,MIN,PHX,16,21,116,104
401810852,2026-03-17,DEN,PHI,7,20,124,96
401810853,2026-03-17,SAC,SA,23,24,104,132
401810854,2026-03-18,BOS,GS,2,9,120,99
401810855,2026-03-18,BKN,OKC,17,25,92,121
401810856,2026-03-18,IND,POR,11,22,119,127
401810857,2026-03-18,CHI,TOR,4,28,109,139
401810859,2026-03-18,MIN,UTAH,16,26,147,111
401810860,2026-03-18,NO,LAC,3,12,124,109
401810861,2026-03-18,DAL,ATL,6,1,120,135
401858693,2026-03-18,MEM,DEN,29,7,125,118
401810862,2026-03-18,HOU,LAL,10,13,116,124
401810863,2026-03-19,CHA,ORL,30,19,130,111
401810864,2026-03-19,WSH,DET,27,8,95,117
401810865,2026-03-19,MIA,LAL,14,13,126,134
401810866,2026-03-19,CHI,CLE,4,5,110,115
401810867,2026-03-19,NO,LAC,3,12,105,99
401810868,2026-03-19,SA,PHX,24,21,101,100
401810869,2026-03-19,UTAH,MIL,26,15,128,96
401810870,2026-03-19,SAC,PHI,23,20,118,139
401810871,2026-03-20,BKN,NY,17,18,92,93
401810872,2026-03-20,DET,GS,8,9,115,101
401810873,2026-03-20,HOU,ATL,10,1,117,95
401810874,2026-03-20,MEM,BOS,29,2,112,117
401810875,2026-03-20,MIN,POR,16,22,104,108
401810876,2026-03-20,DEN,TOR,7,28,121,115
401810877,2026-03-21,WSH,OKC,27,25,111,132
401810878,2026-03-21,CHA,MEM,30,29,124,101
401810879,2026-03-21,ORL,LAL,19,13,104,105
401810880,2026-03-21,NO,CLE,3,5,106,111
401810881,2026-03-21,ATL,GS,1,9,126,110
401810882,2026-03-21,HOU,MIA,10,14,123,122
401810883,2026-03-21,SA,IND,24,11,134,119
401810884,2026-03-21,DAL,LAC,6,12,131,138
401810885,2026-03-21,UTAH,PHI,26,20,116,126
401810886,2026-03-21,PHX,MIL,21,15,105,108
401810887,2026-03-22,DEN,POR,7,22,128,112
401810888,2026-03-22,SAC,BKN,23,17,126,122
401810889,2026-03-22,NY,WSH,18,27,145,113
401810890,2026-03-22,BOS,MIN,2,16,92,102
401810891,2026-03-22,PHX,TOR,21,28,120,98
401810893,2026-03-23,DET,LAL,8,13,113,110
401810894,2026-03-23,ORL,IND,19,11,126,128
401810895,2026-03-23,PHI,OKC,20,25,103,123
401810896,2026-03-23,MIA,SA,14,24,111,136
401810892,2026-03-23,ATL,MEM,1,29,146,107
401810897,2026-03-23,CHI,HOU,4,10,132,124
401810898,2026-03-23,UTAH,TOR,26,28,127,143
401810899,2026-03-23,DAL,GS,6,9,131,137
401810900,2026-03-23,POR,BKN,22,17,134,99
401810901,2026-03-23,LAC,MIL,12,15,129,96
401810902,2026-03-24,CHA,SAC,30,23,134,90
401810903,2026-03-24,NY,NO,18,3,121,116
401810904,2026-03-24,CLE,ORL,5,19,136,131
401810905,2026-03-24,PHX,DEN,21,7,123,125
401810906,2026-03-25,DET,ATL,8,1,129,130
401810907,2026-03-25,IND,LAL,11,13,130,137
401810908,2026-03-25,PHI,CHI,20,4,157,137
401810909,2026-03-25,BOS,OKC,2,25,119,109
401810910,2026-03-25,CLE,MIA,5,14,103,120
401810911,2026-03-25,MEM,SA,29,24,98,123
401810912,2026-03-25,UTAH,WSH,26,27,110,133
401810913,2026-03-25,MIN,HOU,16,10,110,108
401810914,2026-03-25,DEN,DAL,7,6,142,135
401810915,2026-03-25,GS,BKN,9,17,109,106
401810916,2026-03-25,POR,MIL,22,15,130,99
401810917,2026-03-25,LAC,TOR,12,28,119,94
401810918,2026-03-26,CHA,NY,30,18,114,103
401810919,2026-03-26,DET,NO,8,3,129,108
401810920,2026-03-26,ORL,SAC,19,23,121,117
401810921,2026-03-27,IND,LAC,11,12,113,114
401810922,2026-03-27,BOS,ATL,2,1,109,102
401810923,2026-03-27,CLE,MIA,5,14,149,128
401810924,2026-03-27,MEM,HOU,29,10,109,119
401810925,2026-03-27,OKC,CHI,25,4,131,113
401810926,2026-03-27,TOR,NO,28,3,119,106
401810927,2026-03-27,DEN,UTAH,7,26,135,129
401810928,2026-03-27,GS,WSH,9,27,131,126
401810929,2026-03-27,POR,DAL,22,6,93,100
401810930,2026-03-27,LAL,BKN,13,17,116,99
401810931,2026-03-28,MIL,SA,15,24,95,127
401810935,2026-03-28,MIN,DET,16,8,87,109
401810932,2026-03-28,CHA,PHI,30,20,114,118
401810933,2026-03-28,ATL,SAC,1,23,123,113
401810934,2026-03-28,MEM,CHI,29,4,125,124
401810936,2026-03-28,PHX,UTAH,21,26,134,109
401810937,2026-03-29,MIL,LAC,15,12,113,127
401810938,2026-03-29,IND,MIA,11,14,135,118
401810939,2026-03-29,BKN,SAC,17,23,116,99
401810940,2026-03-29,CHA,BOS,30,2,99,114
401810941,2026-03-29,TOR,ORL,28,19,139,87
401810942,2026-03-29,POR,WSH,22,27,123,88
401810943,2026-03-29,NO,HOU,3,10,102,134
401810944,2026-03-29,OKC,NY,25,18,111,100
401810945,2026-03-29,DEN,GS,7,9,116,93
401810946,2026-03-30,MIA,PHI,14,20,119,109
401810947,2026-03-30,ATL,BOS,1,2,112,102
401810948,2026-03-30,MEM,PHX,29,21,105,131
401810949,2026-03-30,SA,CHI,24,4,129,114
401810950,2026-03-30,DAL,MIN,6,16,94,124
401810951,2026-03-30,UTAH,CLE,26,5,113,122
401810952,2026-03-30,OKC,DET,25,8,114,110
401810953,2026-03-30,LAL,WSH,13,27,120,101
401810954,2026-03-31,ORL,PHX,19,21,115,111
401810955,2026-03-31,BKN,CHA,17,30,86,117
401810956,2026-03-31,DET,TOR,8,28,127,116
401810957,2026-03-31,HOU,NY,10,18,111,94
401858694,2026-03-31,MIL,DAL,15,6,123,99
401810958,2026-03-31,LAL,CLE,13,5,127,113
401810959,2026-03-31,LAC,POR,12,22,104,114
401810960,2026-04-01,WSH,PHI,27,20,131,153
401810962,2026-04-01,ORL,ATL,19,1,101,130
401810961,2026-04-01,MIA,BOS,14,2,129,147
401810858,2026-04-01,MEM,NY,29,18,119,130
401810963,2026-04-01,TOR,SAC,28,23,115,123
401810964,2026-04-01,CHI,IND,4,11,126,145
401810965,2026-04-01,HOU,MIL,10,15,119,113
401810967,2026-04-01,UTAH,DEN,26,7,117,130
401810968,2026-04-01,GS,SA,9,24,113,127
401810969,2026-04-02,CHA,PHX,30,21,127,107
401810970,2026-04-02,DET,MIN,8,16,113,108
401810971,2026-04-02,OKC,LAL,25,13,139,96
401810972,2026-04-02,GS,CLE,9,5,111,118
401810973,2026-04-02,POR,NO,22,3,118,106
401810974,2026-04-02,LAC,SA,12,24,99,118
401810975,2026-04-03,CHA,IND,30,11,129,108
401810976,2026-04-03,PHI,MIN,20,16,115,103
401810977,2026-04-03,BKN,ATL,17,1,107,141
401810978,2026-04-03,NY,CHI,18,4,136,96
401810979,2026-04-03,HOU,UTAH,10,26,140,106
401810980,2026-04-03,MEM,TOR,29,28,96,128
401810981,2026-04-03,MIL,BOS,15,2,101,133
401810982,2026-04-03,DAL,ORL,6,19,127,138
401810983,2026-04-03,SAC,NO,23,3,117,113
401810984,2026-04-04,MIA,WSH,14,27,152,136
401810985,2026-04-04,DEN,SA,7,24,136,134
401810986,2026-04-04,PHI,DET,20,8,93,116
401810987,2026-04-05,BOS,TOR,2,28,115,101
401810988,2026-04-05,BKN,WSH,17,27,121,115
401810989,2026-04-05,CHI,PHX,4,21,110,120
401810990,2026-04-05,MIL,MEM,15,29,131,115
401810991,2026-04-05,CLE,IND,5,11,117,108
401810992,2026-04-05,MIN,CHA,16,30,108,122
401810993,2026-04-05,NO,ORL,3,19,108,112
401810994,2026-04-05,OKC,UTAH,25,26,146,111
401810995,2026-04-05,DAL,LAL,6,13,134,128
401810996,2026-04-05,SAC,LAC,23,12,109,138
401810997,2026-04-05,GS,HOU,9,10,116,117
401810998,2026-04-06,ATL,NY,1,18,105,108
401810999,2026-04-06,ORL,DET,19,8,123,107
401811000,2026-04-06,MEM,CLE,29,5,126,142
401811001,2026-04-06,SA,PHI,24,20,115,102
401811002,2026-04-06,DEN,POR,7,22,137,132
401811003,2026-04-07,WSH,CHI,27,4,98,129
401811007,2026-04-07,IND,MIN,11,16,104,124
401811005,2026-04-07,BKN,MIL,17,15,96,90
401811006,2026-04-07,TOR,MIA,28,14,121,95
401811004,2026-04-07,BOS,CHA,2,30,113,102
401811008,2026-04-07,NO,UTAH,3,26,156,137
401811009,2026-04-07,GS,SAC,9,23,110,105
401811010,2026-04-07,LAL,OKC,13,25,87,123
401811011,2026-04-07,LAC,DAL,12,6,116,103
401811012,2026-04-07,PHX,HOU,21,10,105,119
401811013,2026-04-08,CLE,ATL,5,1,122,116
401811014,2026-04-08,ORL,MIN,19,16,132,120
401811015,2026-04-08,DET,MIL,8,15,137,111
401811017,2026-04-08,DEN,MEM,7,29,136,119
401811016,2026-04-08,SA,POR,24,22,112,101
401811018,2026-04-08,LAC,OKC,12,25,110,128
401811019,2026-04-08,PHX,DAL,21,6,112,107
401811020,2026-04-09,TOR,MIA,28,14,128,114
401811021,2026-04-09,WSH,CHI,27,4,108,119
401811022,2026-04-09,BKN,IND,17,11,94,123
401811023,2026-04-09,NY,BOS,18,2,112,106
401811024,2026-04-09,HOU,PHI,10,20,113,102
401811025,2026-04-09,GS,LAL,9,13,103,119
401811026,2026-04-10,CHA,DET,30,8,100,118
401811027,2026-04-10,WSH,MIA,27,14,117,140
401811028,2026-04-10,ATL,CLE,1,5,124,102
401811029,2026-04-10,BOS,NO,2,3,144,118
401811030,2026-04-10,IND,PHI,11,20,94,105
401811031,2026-04-10,NY,TOR,18,28,112,95
401811032,2026-04-10,CHI,ORL,4,19,103,127
401811034,2026-04-10,MIL,BKN,15,17,125,108
401811035,2026-04-10,SA,DAL,24,6,139,120
401811037,2026-04-10,DEN,OKC,7,25,127,107
401811033,2026-04-10,HOU,MIN,10,16,132,136
401811036,2026-04-10,UTAH,MEM,26,29,147,101
401811038,2026-04-10,POR,LAC,22,12,116,97
401811039,2026-04-10,SAC,GS,23,9,124,118
401811040,2026-04-10,LAL,PHX,13,21,101,73
401811041,2026-04-12,BOS,ORL,2,19,113,108
401811042,2026-04-12,CLE,WSH,5,27,130,117
401811043,2026-04-12,IND,DET,11,8,121,133
401811044,2026-04-12,MIA,ATL,14,1,143,117
401811045,2026-04-12,NY,CHA,18,30,96,110
401811046,2026-04-12,PHI,MIL,20,15,126,106
401811047,2026-04-12,TOR,BKN,28,17,136,101
401811048,2026-04-12,DAL,CHI,6,4,149,128
401811049,2026-04-12,HOU,MEM,10,29,132,101
401811050,2026-04-12,MIN,NO,16,3,132,126
401811051,2026-04-12,OKC,PHX,25,21,103,135
401811052,2026-04-12,SA,DEN,24,7,118,128
401811053,2026-04-12,LAL,UTAH,13,26,131,107
401811054,2026-04-12,LAC,GS,12,9,115,110
401811055,2026-04-12,POR,SAC,22,23,122,110
401866755,2026-04-14,CHA,MIA,30,14,127,126
401866754,2026-04-14,PHX,POR,21,22,110,114
401866757,2026-04-15,PHI,ORL,20,19,109,97
401866756,2026-04-15,LAC,GS,12,9,121,126
401866758,2026-04-17,ORL,CHA,19,30,121,90
401866759,2026-04-17,PHX,GS,21,9,111,96
401869187,2026-04-18,CLE,TOR,5,28,126,113
401869188,2026-04-18,DEN,MIN,7,16,116,105
401869189,2026-04-18,NY,ATL,18,1,113,102
401869190,2026-04-18,LAL,HOU,13,10,107,98
401869191,2026-04-19,BOS,PHI,2,20,123,91
401869192,2026-04-19,OKC,PHX,25,21,119,84
401869193,2026-04-19,DET,ORL,8,19,101,112
401869194,2026-04-19,SA,POR,24,22,111,98
401869369,2026-04-20,CLE,TOR,5,28,115,105
401869387,2026-04-20,NY,ATL,18,1,106,107
401869395,2026-04-20,DEN,MIN,7,16,114,119
401869396,2026-04-21,BOS,PHI,2,20,97,111
401869378,2026-04-21,SA,POR,24,22,103,106
401869397,2026-04-21,LAL,HOU,13,10,101,94
401869411,2026-04-22,DET,ORL,8,19,98,83
401869368,2026-04-22,OKC,PHX,25,21,120,107
401869389,2026-04-23,ATL,NY,1,18,109,108
401869375,2026-04-23,TOR,CLE,28,5,126,104
401869398,2026-04-23,MIN,DEN,16,7,113,96
401869404,2026-04-24,PHI,BOS,20,2,100,108
401869400,2026-04-24,HOU,LAL,10,13,108,112
401869382,2026-04-24,POR,SA,22,24,108,120
401869414,2026-04-25,ORL,DET,19,8,113,105
401869370,2026-04-25,PHX,OKC,21,25,109,121
401869391,2026-04-25,ATL,NY,1,18,98,114
401869399,2026-04-25,MIN,DEN,16,7,112,96
401869377,2026-04-26,TOR,CLE,28,5,93,89
401869385,2026-04-26,POR,SA,22,24,93,114
401869406,2026-04-26,PHI,BOS,20,2,96,128
401869405,2026-04-26,HOU,LAL,10,13,115,96
401869415,2026-04-27,ORL,DET,19,8,94,88
401869373,2026-04-27,PHX,OKC,21,25,122,131
401869401,2026-04-27,DEN,MIN,7,16,125,113
401869408,2026-04-28,BOS,PHI,2,20,97,113
401869392,2026-04-28,NY,ATL,18,1,126,97
401869386,2026-04-28,SA,POR,24,22,114,95
401869416,2026-04-29,DET,ORL,8,19,116,109
401869380,2026-04-29,CLE,TOR,5,28,125,120
401869407,2026-04-29,LAL,HOU,13,10,93,99
401869393,2026-04-30,ATL,NY,1,18,89,140
401869410,2026-04-30,PHI,BOS,20,2,106,93
401869402,2026-04-30,MIN,DEN,16,7,110,98
401869417,2026-05-01,ORL,DET,19,8,79,93
401869381,2026-05-01,TOR,CLE,28,5,112,110
401869409,2026-05-01,HOU,LAL,10,13,78,98
401869412,2026-05-02,BOS,PHI,2,20,100,109
401869418,2026-05-03,DET,ORL,8,19,116,94
401869384,2026-05-03,CLE,TOR,5,28,114,102
401871159,2026-05-04,NY,PHI,18,20,137,98
401871152,2026-05-04,SA,MIN,24,16,102,104
401871333,2026-05-05,DET,CLE,8,5,111,101
401871326,2026-05-05,OKC,LAL,25,13,108,90
401871160,2026-05-06,NY,PHI,18,20,108,102
401871153,2026-05-06,SA,MIN,24,16,133,95
401871334,2026-05-07,DET,CLE,8,5,107,97
401871327,2026-05-07,OKC,LAL,25,13,125,107
401871161,2026-05-08,PHI,NY,20,18,94,108
401871154,2026-05-08,MIN,SA,16,24,108,115
401871335,2026-05-09,CLE,DET,5,8,116,109
401871328,2026-05-09,LAL,OKC,13,25,108,131
401871162,2026-05-10,PHI,NY,20,18,114,144
401871155,2026-05-10,MIN,SA,16,24,114,109
401871336,2026-05-11,CLE,DET,5,8,112,103
401871329,2026-05-11,LAL,OKC,13,25,110,115
401871156,2026-05-12,SA,MIN,24,16,126,97
401871337,2026-05-13,DET,CLE,8,5,113,117
401871338,2026-05-15,CLE,DET,5,8,94,115
401871157,2026-05-15,MIN,SA,16,24,109,139
401871339,2026-05-17,DET,CLE,8,5,94,125
401873197,2026-05-18,OKC,SA,25,24,115,122
401873341,2026-05-19,NY,CLE,18,5,115,104
401873198,2026-05-20,OKC,SA,25,24,122,113
401873342,2026-05-21,NY,CLE,18,5,109,93
401873199,2026-05-22,SA,OKC,24,25,108,123
401873343,2026-05-23,CLE,NY,5,18,108,121
401873200,2026-05-24,SA,OKC,24,25,103,82
401873344,2026-05-25,CLE,NY,5,18,93,130
401873201,2026-05-26,OKC,SA,25,24,127,114
401873202,2026-05-28,SA,OKC,24,25,118,91
401873203,2026-05-30,OKC,SA,25,24,103,111
401859963,2026-06-03,SA,NY,24,18,95,105
401859964,2026-06-05,SA,NY,24,18,104,105
401859965,2026-06-08,NY,SA,18,24,111,115
401859966,2026-06-10,NY,SA,18,24,107,106
401859967,2026-06-13,SA,NY,24,18,90,94
