grp,label,n,won,odds,staked,net,roi,both,d,t
Comeback,Bet team down 15+,975,0.11487179487179487,+1011,9750,-3790.870031443777,-0.3888071827121823,❌,-0.318479734159547,-0.5225549196917474
Comeback,Bet team down 20+,624,0.03685897435897436,+2400,6240,-2990.881072432818,-0.47930786417192606,mixed,-0.7645144716265685,0.02295863922164835
Comeback,Down 20+ in 1st half,262,0.07251908396946564,+1567,2620,-1557.5444057661507,-0.5944825976206682,❌,-0.5383520790345917,-0.6899623457310047
Comeback,Down 20+ in 2nd half,362,0.011049723756906077,+4900,3620,-1433.3366666666668,-0.39594935543278087,mixed,-0.9246723891273249,0.559031007751938
Comeback,Down 20+ but was pre-game favorite,150,0.10666666666666667,+900,1500,124.45898195723657,0.08297265463815771,mixed,-0.7429059738653684,2.206660556504367
3-pointer hypothesis,"Down 20+, took 4+ threes in last 10 min",170,0.041176470588235294,+2400,1700,-1440.549049071955,-0.8473817935717383,❌,-0.8000926761347813,-0.9237719063545151
3-pointer hypothesis,"Down 20+, made 2+ threes in last 10 min",38,0.02631578947368421,+2757,380,-294.61888888888893,-0.7753128654970761,❌,-0.684375478927203,-1.0683333333333334
3-pointer hypothesis,"Down 20+, shooting more threes than leader",220,0.031818181818181815,+3233,2200,-1989.6915734989648,-0.9044052606813476,❌,-0.9345221327967804,-0.8495771088814568
3-pointer hypothesis,"Down 20+, hitting 38%+ from three this game",103,0.009708737864077669,+4900,1030,-1070.2582352941179,-1.039085665334095,❌,-1.0674687500000002,-0.9925082956259423
3-pointer hypothesis,"Down 20+, cold from three (<30%) this game",252,0.051587301587301584,+2400,2520,321.6432198808941,0.12763619836543416,mixed,-0.5722246490569471,1.3658515438050318
3-pointer hypothesis,"Down 15+, took 4+ threes in last 10 min",255,0.13333333333333333,+1011,2550,-855.4394501948339,-0.3354664510567976,❌,-0.2086965841636219,-0.5802634354022405
Bet the leader,Bet leader when opponent down 20+,624,0.9631410256410257,-2400,6240,131.26333749478175,0.021035791265189382,mixed,0.03530547158307306,-0.0040939997371013444
Bet the leader,"Bet leader, trailer priced +900 to +3200",293,0.9829351535836177,-1900,2930,99.8832448801812,0.03408984466900382,✅,0.03257234841464583,0.03834671727863144
Bet the leader,Bet leader up 16+ after Q3,176,0.9829545454545454,-4900,1760,20.031297190621974,0.01138141885830794,✅,0.008398772926633097,0.024306217895565595
Bet the leader,Bet leader up 16+ after Q1,89,0.9101123595505618,-1567,890,1.7613636348014492,0.001979060263821853,mixed,0.024215622738899874,-0.03762981664491086
Pre-game,Bet every favorite,1307,0.6901300688599847,-223,13070,-554.2776488258787,-0.04240838935163571,❌,-0.06110079472069767,-0.0032074918359488954
Pre-game,Bet every underdog,1307,0.3098699311400153,+212,13070,-1080.3062657736655,-0.08265541436676858,❌,-0.007801030973703679,-0.23963676342568427
Pre-game,Bet every home team,1307,0.5531752104055088,-138,13070,-784.4108044244028,-0.060016128877154004,❌,-0.05802654811027234,-0.06418859091196508
Pre-game,Bet every away team,1307,0.4468247895944912,+133,13070,-850.1731101751417,-0.06504767484125032,❌,-0.010875277584129036,-0.17865566434966812
Pre-game,Bet home underdogs,539,0.3339517625231911,+186,5390,-504.1722167795428,-0.09353844467152927,❌,-0.03987616841858422,-0.22065096154569294
Pre-game,Bet heavy favorites (-400 or shorter),343,0.8513119533527697,-614,3430,-94.6404132266199,-0.02759195720892708,mixed,-0.0517387981499036,0.0020428021277259104
Pre-game,Bet big underdogs (+300 or longer),450,0.1711111111111111,+488,4500,-562.1557995897997,-0.1249235110199555,mixed,0.05696653496085332,-0.3693382603066674
Pre-game,Playoffs: bet favorite,77,0.5844155844155844,-212,770,-132.94673297657693,-0.17265809477477523,mixed,,-0.17265809477477523
Pre-game,Playoffs: bet underdog,77,0.4155844155844156,+203,770,183.49747170413886,0.23830840481056997,mixed,,0.23830840481056997
In-game,Favorite trailing at halftime: bet favorite,465,0.4344086021505376,+122,4650,-49.64088034180514,-0.010675458138022611,mixed,-0.040750031394917674,0.06519448803278077
In-game,Underdog leading at halftime: bet underdog,465,0.5655913978494623,-133,4650,-223.58805487060178,-0.048083452660344465,❌,-0.04825272782728881,-0.04765641758009852
In-game,Favorite down 10+ at half: bet favorite,161,0.2608695652173913,+300,1610,153.46294379339795,0.09531859862943973,✅,0.01626152719398332,0.3344662397216954
In-game,Within 5 after Q3: bet pre-game favorite,372,0.6048387096774194,-194,3720,-374.87722521348707,-0.10077344763803416,❌,-0.12908730009076125,-0.03333499906881142
In-game,Within 5 after Q3: bet pre-game underdog,372,0.3951612903225806,+178,3720,-90.38717607498465,-0.02429762797714641,mixed,0.056500885985029684,-0.21674499759614768
In-game,Within 5 after Q3: bet home team,372,0.5161290322580645,-127,3720,-350.42922856999076,-0.0942014055295674,❌,-0.04221853274251449,-0.2180151570769117
Back-to-back,Pre-game: bet rested away vs tired home,144,0.5138888888888888,-104,1440,102.96560929587102,0.07150389534435488,mixed,0.1087255681795158,-0.010383784892999116
Back-to-back,Pre-game: bet rested home vs tired away,156,0.5384615384615384,-160,1560,-220.5899022165011,-0.14140378347211607,mixed,-0.2866831195471381,0.20600332453337145
Back-to-back,Pre-game: always bet against tired team,300,0.5266666666666666,-138,3000,-117.62429292063013,-0.03920809764021004,mixed,-0.09938426746609155,0.09899870998186946
Back-to-back,Halftime: bet against tired team,289,0.5224913494809689,-138,2890,-583.5189651169901,-0.20190967651106922,❌,-0.2259321662207648,-0.14613332109315552
Back-to-back,"Halftime: tired team leading, bet against them",125,0.224,+355,1250,-527.9911511117484,-0.4223929208893987,❌,-0.3710709022803499,-0.5597547942253824
Back-to-back,"Halftime: tired team trailing, bet on them",164,0.23780487804878048,+471,1640,-347.7670498995856,-0.21205307920706437,❌,-0.12015825539519291,-0.39924623882383936
